BkNo,Year,Day,hh,mm,ss,mss,ns,Azimuth(deg),Elevation(deg)Tv,DvTSnRSnDTpSTpSId,BkCtSRtInTim,,,,,,,,
1,2016,252,12,20,43,0,0,120.89,79.01,0,5,f9,f0,18,4,4,0,1,0
1,2016,252,12,20,44,0,0,120.89,79.01,0,5,f9,f0,18,4,4,0,1,0
1,2016,252,12,20,45,0,0,120.89,79.01,0,5,f9,f0,18,4,4,0,1,0
1,2016,252,12,20,46,0,0,158.69,19.49,0,3,f9,f0,18,4,4,0,1,0
1,2016,252,12,20,47,0,0,158.7,18.48,0,3,f9,f0,18,4,4,0,1,0
1,2016,252,12,20,48,0,0,158.75,17.49,0,3,f9,f0,18,4,4,0,1,0
1,2016,252,12,20,49,0,0,158.75,16.49,0,3,f9,f0,18,4,4,0,1,0
1,2016,252,12,20,50,0,0,158.75,15.48,0,3,f9,f0,18,4,4,0,1,0
1,2016,252,12,20,51,0,0,158.78,14.5,0,3,f9,f0,18,4,4,0,1,0
1,2016,252,12,20,52,0,0,158.82,13.48,0,3,f9,f0,18,4,4,0,1,0
2,2016,252,12,20,53,0,0,158.86,9.48,0,3,f9,f0,18,4,4,0,1,0
2,2016,252,12,20,54,0,0,158.73,8.49,0,3,f9,f0,18,4,4,0,1,0
2,2016,252,12,20,55,0,0,158.72,7.49,0,3,f9,f0,18,4,4,0,1,0
2,2016,252,12,20,56,0,0,158.85,6.48,0,3,f9,f0,18,4,4,0,1,0
2,2016,252,12,20,57,0,0,158.83,5.49,0,3,f9,f0,18,4,4,0,1,0
2,2016,252,12,20,58,0,0,158.73,4.47,0,3,f9,f0,18,4,4,0,1,0
2,2016,252,12,20,59,0,0,158.78,3.48,0,3,f9,f0,18,4,4,0,1,0
2,2016,252,12,21,0,0,0,158.85,2.5,0,3,f9,f0,18,4,4,0,1,0
2,2016,252,12,21,1,0,0,158.77,1.73,0,3,f9,f0,18,4,4,0,1,0
2,2016,252,12,21,2,0,0,158.81,1.46,0,3,f9,f0,18,4,4,0,1,0
3,2016,252,12,21,3,0,0,158.79,1.53,0,3,f9,f0,18,4,4,0,1,0
3,2016,252,12,21,4,0,0,158.79,1.54,0,3,f9,f0,18,4,4,0,1,0
3,2016,252,12,21,5,0,0,158.79,1.55,0,3,f9,f0,18,4,4,0,1,0
3,2016,252,12,21,6,0,0,158.79,1.55,0,3,f9,f0,18,4,4,0,1,0
3,2016,252,12,21,7,0,0,158.79,1.55,0,3,f9,f0,18,4,4,0,1,0
3,2016,252,12,21,8,0,0,158.79,1.55,0,3,f9,f0,18,4,4,0,1,0
3,2016,252,12,21,9,0,0,158.79,1.55,0,3,f9,f0,18,4,4,0,1,0
3,2016,252,12,21,10,0,0,158.79,1.55,0,3,f9,f0,18,4,4,0,1,0
3,2016,252,12,21,11,0,0,158.79,1.55,0,3,f9,f0,18,4,4,0,1,0
3,2016,252,12,21,12,0,0,158.79,1.55,0,3,f9,f0,18,4,4,0,1,0
4,2016,252,12,21,13,0,0,158.79,1.55,0,3,f9,f0,18,4,4,0,1,0
4,2016,252,12,21,14,0,0,158.79,1.55,0,3,f9,f0,18,4,4,0,1,0
4,2016,252,12,21,15,0,0,158.79,1.55,0,3,f9,f0,18,4,4,0,1,0
4,2016,252,12,21,16,0,0,158.77,1.55,0,3,f9,f0,18,4,4,0,1,0
4,2016,252,12,21,17,0,0,158.77,1.55,0,3,f9,f0,18,4,4,0,1,0
4,2016,252,12,21,18,0,0,158.77,1.55,0,3,f9,f0,18,4,4,0,1,0
4,2016,252,12,21,19,0,0,158.77,1.55,0,3,f9,f0,18,4,4,0,1,0
4,2016,252,12,21,20,0,0,158.77,1.55,0,3,f9,f0,18,4,4,0,1,0
4,2016,252,12,21,21,0,0,158.77,1.55,0,3,f9,f0,18,4,4,0,1,0
4,2016,252,12,21,22,0,0,158.78,1.55,0,3,f9,f0,18,4,4,0,1,0
5,2016,252,12,21,23,0,0,158.81,1.55,0,3,f9,f0,18,4,4,0,1,0
5,2016,252,12,21,24,0,0,158.81,1.55,0,3,f9,f0,18,4,4,0,1,0
5,2016,252,12,21,25,0,0,158.81,1.55,0,3,f9,f0,18,4,4,0,1,0
5,2016,252,12,21,26,0,0,158.81,1.55,0,3,f9,f0,18,4,4,0,1,0
5,2016,252,12,21,27,0,0,158.81,1.55,0,3,f9,f0,18,4,4,0,1,0
5,2016,252,12,21,28,0,0,158.8,1.55,0,3,f9,f0,18,4,4,0,1,0
5,2016,252,12,21,29,0,0,158.79,1.54,0,3,f9,f0,18,4,4,0,1,0
5,2016,252,12,21,30,0,0,158.77,1.54,0,3,f9,f0,18,4,4,0,1,0
5,2016,252,12,21,31,0,0,158.77,1.54,0,3,f9,f0,18,4,4,0,1,0
5,2016,252,12,21,32,0,0,158.77,1.54,0,3,f9,f0,18,4,4,0,1,0
6,2016,252,12,21,33,0,0,158.77,1.54,0,3,f9,f0,18,4,4,0,1,0
6,2016,252,12,21,34,0,0,158.77,1.54,0,3,f9,f0,18,4,4,0,1,0
6,2016,252,12,21,35,0,0,158.79,1.54,0,3,f9,f0,18,4,4,0,1,0
6,2016,252,12,21,36,0,0,158.82,1.54,0,3,f9,f0,18,4,4,0,1,0
6,2016,252,12,21,37,0,0,158.82,1.54,0,3,f9,f0,18,4,4,0,1,0
6,2016,252,12,21,38,0,0,158.81,1.54,0,3,f9,f0,18,4,4,0,1,0
6,2016,252,12,21,39,0,0,158.81,1.54,0,3,f9,f0,18,4,4,0,1,0
6,2016,252,12,21,40,0,0,158.81,1.55,0,3,f9,f0,18,4,4,0,1,0
6,2016,252,12,21,41,0,0,158.77,1.55,0,3,f9,f0,18,4,4,0,1,0
6,2016,252,12,21,42,0,0,158.77,1.56,0,3,f9,f0,18,4,4,0,1,0
7,2016,252,12,21,43,0,0,158.77,1.56,0,3,f9,f0,18,4,4,0,1,0
7,2016,252,12,21,44,0,0,158.77,1.56,0,3,f9,f0,18,4,4,0,1,0
7,2016,252,12,21,45,0,0,158.77,1.56,0,3,f9,f0,18,4,4,0,1,0
7,2016,252,12,21,46,0,0,158.77,1.56,0,3,f9,f0,18,4,4,0,1,0
7,2016,252,12,21,47,0,0,158.78,1.56,0,3,f9,f0,18,4,4,0,1,0
7,2016,252,12,21,48,0,0,158.8,1.56,0,3,f9,f0,18,4,4,0,1,0
7,2016,252,12,21,49,0,0,158.81,1.56,0,3,f9,f0,18,4,4,0,1,0
7,2016,252,12,21,50,0,0,158.81,1.56,0,3,f9,f0,18,4,4,0,1,0
7,2016,252,12,21,51,0,0,158.75,1.56,0,3,f9,f0,18,4,4,0,1,0
7,2016,252,12,21,52,0,0,158.72,1.56,0,3,f9,f0,18,4,4,0,1,0
8,2016,252,12,21,53,0,0,158.72,1.54,0,3,f9,f0,18,4,4,0,1,0
8,2016,252,12,21,54,0,0,158.67,1.54,0,3,f9,f0,18,4,4,0,1,0
8,2016,252,12,21,55,0,0,158.65,1.54,0,3,f9,f0,18,4,4,0,1,0
8,2016,252,12,21,56,0,0,158.63,1.54,0,3,f9,f0,18,4,4,0,1,0
8,2016,252,12,21,57,0,0,158.59,1.54,0,3,f9,f0,18,4,4,0,1,0
8,2016,252,12,21,58,0,0,158.57,1.54,0,3,f9,f0,18,4,4,0,1,0
8,2016,252,12,21,59,0,0,158.53,1.54,0,3,f9,f0,18,4,4,0,1,0
8,2016,252,12,22,0,0,0,158.51,1.54,0,3,f9,f0,18,4,4,0,1,0
8,2016,252,12,22,1,0,0,158.47,1.54,0,3,f9,f0,18,4,4,0,1,0
8,2016,252,12,22,2,0,0,158.46,1.55,0,3,f9,f0,18,4,4,0,1,0
9,2016,252,12,22,3,0,0,158.42,1.55,0,3,f9,f0,18,4,4,0,1,0
9,2016,252,12,22,4,0,0,158.39,1.55,0,3,f9,f0,18,4,4,0,1,0
9,2016,252,12,22,5,0,0,158.36,1.55,0,3,f9,f0,18,4,4,0,1,0
9,2016,252,12,22,6,0,0,158.33,1.55,0,3,f9,f0,18,4,4,0,1,0
9,2016,252,12,22,7,0,0,158.31,1.55,0,3,f9,f0,18,4,4,0,1,0
9,2016,252,12,22,8,0,0,158.27,1.55,0,3,f9,f0,18,4,4,0,1,0
9,2016,252,12,22,9,0,0,158.26,1.55,0,3,f9,f0,18,4,4,0,1,0
9,2016,252,12,22,10,0,0,158.21,1.55,0,3,f9,f0,18,4,4,0,1,0
9,2016,252,12,22,11,0,0,158.19,1.58,0,3,f9,f0,18,4,4,0,1,0
9,2016,252,12,22,12,0,0,158.15,1.66,0,3,f9,f0,18,4,4,0,1,0
10,2016,252,12,22,13,0,0,158.13,1.72,0,3,f9,f0,18,4,4,0e0a,1,0
10,2016,252,12,22,14,0,0,158.09,1.77,0,3,f9,f0,18,4,4,0e0a,1,0
10,2016,252,12,22,15,0,0,158.06,1.82,0,3,f9,f0,18,4,4,0e0a,1,0
10,2016,252,12,22,16,0,0,158.03,1.87,0,3,f9,f0,18,4,4,0e0a,1,0
10,2016,252,12,22,17,0,0,157.99,1.93,0,3,f9,f0,18,4,4,0e0a,1,0
10,2016,252,12,22,18,0,0,157.96,1.98,0,3,f9,f0,18,4,4,0e0a,1,0
10,2016,252,12,22,19,0,0,157.93,2.04,0,3,f9,f0,18,4,4,0e0a,1,0
10,2016,252,12,22,20,0,0,157.9,2.09,0,3,f9,f0,18,4,4,0e0a,1,0
10,2016,252,12,22,21,0,0,157.86,2.16,0,3,f9,f0,18,4,4,0e0a,1,0
10,2016,252,12,22,22,0,0,157.84,2.23,0,3,f9,f0,18,4,4,0e0a,1,0
11,2016,252,12,22,23,0,0,157.8,2.3,0,3,f9,f0,18,4,4,0e0b,1,0
11,2016,252,12,22,24,0,0,157.77,2.37,0,3,f9,f0,18,4,4,0e0b,1,0
11,2016,252,12,22,25,0,0,157.73,2.44,0,3,f9,f0,18,4,4,0e0b,1,0
11,2016,252,12,22,26,0,0,157.71,2.5,0,3,f9,f0,18,4,4,0e0b,1,0
11,2016,252,12,22,27,0,0,157.66,2.57,0,3,f9,f0,18,4,4,0e0b,1,0
11,2016,252,12,22,28,0,0,157.64,2.64,0,3,f9,f0,18,4,4,0e0b,1,0
11,2016,252,12,22,29,0,0,157.6,2.71,0,3,f9,f0,18,4,4,0e0b,1,0
11,2016,252,12,22,30,0,0,157.57,2.78,0,3,f9,f0,18,4,4,0e0b,1,0
11,2016,252,12,22,31,0,0,157.53,2.86,0,3,f9,f0,18,4,4,0e0b,1,0
11,2016,252,12,22,32,0,0,157.5,2.93,0,3,f9,f0,18,4,4,0e0b,1,0
12,2016,252,12,22,33,0,0,157.47,3,0,3,f9,f0,18,4,4,0e0c,1,0
12,2016,252,12,22,34,0,0,157.43,3.07,0,3,f9,f0,18,4,4,0e0c,1,0
12,2016,252,12,22,35,0,0,157.39,3.14,0,3,f9,f0,18,4,4,0e0c,1,0
12,2016,252,12,22,36,0,0,157.36,3.21,0,3,f9,f0,18,4,4,0e0c,1,0
12,2016,252,12,22,37,0,0,157.32,3.29,0,3,f9,f0,18,4,4,0e0c,1,0
12,2016,252,12,22,38,0,0,157.29,3.36,0,3,f9,f0,18,4,4,0e0c,1,0
12,2016,252,12,22,39,0,0,157.25,3.43,0,3,f9,f0,18,4,4,0e0c,1,0
12,2016,252,12,22,40,0,0,157.22,3.5,0,3,f9,f0,18,4,4,0e0c,1,0
12,2016,252,12,22,41,0,0,157.18,3.58,0,3,f9,f0,18,4,4,0e0c,1,0
12,2016,252,12,22,42,0,0,157.15,3.65,0,3,f9,f0,18,4,4,0e0c,1,0
13,2016,252,12,22,43,0,0,157.11,3.72,0,3,f9,f0,18,4,4,0e0d,1,0
13,2016,252,12,22,44,0,0,157.07,3.81,0,3,f9,f0,18,4,4,0e0d,1,0
13,2016,252,12,22,45,0,0,157.03,3.87,0,3,f9,f0,18,4,4,0e0d,1,0
13,2016,252,12,22,46,0,0,157,3.95,0,3,f9,f0,18,4,4,0e0d,1,0
13,2016,252,12,22,47,0,0,156.96,4.02,0,3,f9,f0,18,4,4,0e0d,1,0
13,2016,252,12,22,48,0,0,156.93,4.09,0,3,f9,f0,18,4,4,0e0d,1,0
13,2016,252,12,22,49,0,0,156.89,4.17,0,3,f9,f0,18,4,4,0e0d,1,0
13,2016,252,12,22,50,0,0,156.85,4.24,0,3,f9,f0,18,4,4,0e0d,1,0
13,2016,252,12,22,51,0,0,156.81,4.31,0,3,f9,f0,18,4,4,0e0d,1,0
13,2016,252,12,22,52,0,0,156.77,4.39,0,3,f9,f0,18,4,4,0e0d,1,0
14,2016,252,12,22,53,0,0,156.73,4.47,0,3,f9,f0,18,4,4,0e0e,1,0
14,2016,252,12,22,54,0,0,156.69,4.55,0,3,f9,f0,18,4,4,0e0e,1,0
14,2016,252,12,22,55,0,0,156.66,4.63,0,3,f9,f0,18,4,4,0e0e,1,0
14,2016,252,12,22,56,0,0,156.62,4.7,0,3,f9,f0,18,4,4,0e0e,1,0
14,2016,252,12,22,57,0,0,156.58,4.78,0,3,f9,f0,18,4,4,0e0e,1,0
14,2016,252,12,22,58,0,0,156.54,4.86,0,3,f9,f0,18,4,4,0e0e,1,0
14,2016,252,12,22,59,0,0,156.5,4.93,0,3,f9,f0,18,4,4,0e0e,1,0
14,2016,252,12,23,0,0,0,156.46,5.01,0,3,f9,f0,18,4,4,0e0e,1,0
14,2016,252,12,23,1,0,0,156.42,5.09,0,3,f9,f0,18,4,4,0e0e,1,0
14,2016,252,12,23,2,0,0,156.37,5.17,0,3,f9,f0,18,4,4,0e0e,1,0
15,2016,252,12,23,3,0,0,156.33,5.25,0,3,f9,f0,18,4,4,0e0f,1,0
15,2016,252,12,23,4,0,0,156.29,5.33,0,3,f9,f0,18,4,4,0e0f,1,0
15,2016,252,12,23,5,0,0,156.25,5.41,0,3,f9,f0,18,4,4,0e0f,1,0
15,2016,252,12,23,6,0,0,156.2,5.49,0,3,f9,f0,18,4,4,0e0f,1,0
15,2016,252,12,23,7,0,0,156.16,5.57,0,3,f9,f0,18,4,4,0e0f,1,0
15,2016,252,12,23,8,0,0,156.12,5.65,0,3,f9,f0,18,4,4,0e0f,1,0
15,2016,252,12,23,9,0,0,156.07,5.73,0,3,f9,f0,18,4,4,0e0f,1,0
15,2016,252,12,23,10,0,0,156.03,5.81,0,3,f9,f0,18,4,4,0e0f,1,0
15,2016,252,12,23,11,0,0,155.98,5.9,0,3,f9,f0,18,4,4,0e0f,1,0
15,2016,252,12,23,12,0,0,155.94,5.98,0,3,f9,f0,18,4,4,0e0f,1,0
16,2016,252,12,23,13,0,0,155.9,6.06,0,3,f9,f0,18,4,4,0,1,0
16,2016,252,12,23,14,0,0,155.85,6.14,0,3,f9,f0,18,4,4,0,1,0
16,2016,252,12,23,15,0,0,155.8,6.23,0,3,f9,f0,18,4,4,0,1,0
16,2016,252,12,23,16,0,0,155.76,6.31,0,3,f9,f0,18,4,4,0,1,0
16,2016,252,12,23,17,0,0,155.72,6.39,0,3,f9,f0,18,4,4,0,1,0
16,2016,252,12,23,18,0,0,155.66,6.47,0,3,f9,f0,18,4,4,0,1,0
16,2016,252,12,23,19,0,0,155.63,6.56,0,3,f9,f0,18,4,4,0,1,0
16,2016,252,12,23,20,0,0,155.58,6.65,0,3,f9,f0,18,4,4,0,1,0
16,2016,252,12,23,21,0,0,155.53,6.73,0,3,f9,f0,18,4,4,0,1,0
16,2016,252,12,23,22,0,0,155.48,6.81,0,3,f9,f0,18,4,4,0,1,0
17,2016,252,12,23,23,0,0,155.43,6.9,0,3,f9,f0,18,4,4,0,1,0
17,2016,252,12,23,24,0,0,155.38,6.99,0,3,f9,f0,18,4,4,0,1,0
17,2016,252,12,23,25,0,0,155.33,7.07,0,3,f9,f0,18,4,4,0,1,0
17,2016,252,12,23,26,0,0,155.29,7.16,0,3,f9,f0,18,4,4,0,1,0
17,2016,252,12,23,27,0,0,155.24,7.24,0,3,f9,f0,18,4,4,0,1,0
17,2016,252,12,23,28,0,0,155.19,7.33,0,3,f9,f0,18,4,4,0,1,0
17,2016,252,12,23,29,0,0,155.13,7.41,0,3,f9,f0,18,4,4,0,1,0
17,2016,252,12,23,30,0,0,155.09,7.5,0,3,f9,f0,18,4,4,0,1,0
17,2016,252,12,23,31,0,0,155.04,7.59,0,3,f9,f0,18,4,4,0,1,0
17,2016,252,12,23,32,0,0,154.99,7.68,0,3,f9,f0,18,4,4,0,1,0
18,2016,252,12,23,33,0,0,154.93,7.77,0,3,f9,f0,18,4,4,0,1,0
18,2016,252,12,23,34,0,0,154.89,7.87,0,3,f9,f0,18,4,4,0,1,0
18,2016,252,12,23,35,0,0,154.83,7.96,0,3,f9,f0,18,4,4,0,1,0
18,2016,252,12,23,36,0,0,154.77,8.05,0,3,f9,f0,18,4,4,0,1,0
18,2016,252,12,23,37,0,0,154.73,8.13,0,3,f9,f0,18,4,4,0,1,0
18,2016,252,12,23,38,0,0,154.68,8.23,0,3,f9,f0,18,4,4,0,1,0
18,2016,252,12,23,39,0,0,154.62,8.32,0,3,f9,f0,18,4,4,0,1,0
18,2016,252,12,23,40,0,0,154.57,8.41,0,3,f9,f0,18,4,4,0,1,0
18,2016,252,12,23,41,0,0,154.52,8.51,0,3,f9,f0,18,4,4,0,1,0
18,2016,252,12,23,42,0,0,154.46,8.6,0,3,f9,f0,18,4,4,0,1,0
19,2016,252,12,23,43,0,0,154.4,8.69,0,3,f9,f0,18,4,4,0,1,0
19,2016,252,12,23,44,0,0,154.35,8.79,0,3,f9,f0,18,4,4,0,1,0
19,2016,252,12,23,45,0,0,154.29,8.88,0,3,f9,f0,18,4,4,0,1,0
19,2016,252,12,23,46,0,0,154.23,8.97,0,3,f9,f0,18,4,4,0,1,0
19,2016,252,12,23,47,0,0,154.18,9.07,0,3,f9,f0,18,4,4,0,1,0
19,2016,252,12,23,48,0,0,154.12,9.16,0,3,f9,f0,18,4,4,0,1,0
19,2016,252,12,23,49,0,0,154.06,9.26,0,3,f9,f0,18,4,4,0,1,0
19,2016,252,12,23,50,0,0,154.01,9.35,0,3,f9,f0,18,4,4,0,1,0
19,2016,252,12,23,51,0,0,153.95,9.45,0,3,f9,f0,18,4,4,0,1,0
19,2016,252,12,23,52,0,0,153.88,9.55,0,3,f9,f0,18,4,4,0,1,0
20,2016,252,12,23,53,0,0,153.83,9.65,0,3,f9,f0,18,4,4,0,1,0
20,2016,252,12,23,54,0,0,153.77,9.75,0,3,f9,f0,18,4,4,0,1,0
20,2016,252,12,23,55,0,0,153.7,9.85,0,3,f9,f0,18,4,4,0,1,0
20,2016,252,12,23,56,0,0,153.65,9.94,0,3,f9,f0,18,4,4,0,1,0
20,2016,252,12,23,57,0,0,153.59,10.04,0,3,f9,f0,18,4,4,0,1,0
20,2016,252,12,23,58,0,0,153.52,10.15,0,3,f9,f0,18,4,4,0,1,0
20,2016,252,12,23,59,0,0,153.46,10.24,0,3,f9,f0,18,4,4,0,1,0
20,2016,252,12,24,0,0,0,153.4,10.34,0,3,f9,f0,18,4,4,0,1,0
20,2016,252,12,24,1,0,0,153.33,10.44,0,3,f9,f0,18,4,4,0,1,0
20,2016,252,12,24,2,0,0,153.27,10.55,0,3,f9,f0,18,4,4,0,1,0
21,2016,252,12,24,3,0,0,153.2,10.65,0,3,f9,f0,18,4,4,0,1,0
21,2016,252,12,24,4,0,0,153.13,10.75,0,3,f9,f0,18,4,4,0,1,0
21,2016,252,12,24,5,0,0,153.07,10.86,0,3,f9,f0,18,4,4,0,1,0
21,2016,252,12,24,6,0,0,153,10.96,0,3,f9,f0,18,4,4,0,1,0
21,2016,252,12,24,7,0,0,152.93,11.07,0,3,f9,f0,18,4,4,0,1,0
21,2016,252,12,24,8,0,0,152.86,11.17,0,3,f9,f0,18,4,4,0,1,0
21,2016,252,12,24,9,0,0,152.79,11.27,0,3,f9,f0,18,4,4,0,1,0
21,2016,252,12,24,10,0,0,152.73,11.38,0,3,f9,f0,18,4,4,0,1,0
21,2016,252,12,24,11,0,0,152.65,11.49,0,3,f9,f0,18,4,4,0,1,0
21,2016,252,12,24,12,0,0,152.59,11.6,0,3,f9,f0,18,4,4,0,1,0
22,2016,252,12,24,13,0,0,152.51,11.71,0,3,f9,f0,18,4,4,0,1,0
22,2016,252,12,24,14,0,0,152.44,11.82,0,3,f9,f0,18,4,4,0,1,0
22,2016,252,12,24,15,0,0,152.37,11.93,0,3,f9,f0,18,4,4,0,1,0
22,2016,252,12,24,16,0,0,152.29,12.04,0,3,f9,f0,18,4,4,0,1,0
22,2016,252,12,24,17,0,0,152.23,12.15,0,3,f9,f0,18,4,4,0,1,0
22,2016,252,12,24,18,0,0,152.15,12.26,0,3,f9,f0,18,4,4,0,1,0
22,2016,252,12,24,19,0,0,152.08,12.37,0,3,f9,f0,18,4,4,0,1,0
22,2016,252,12,24,20,0,0,152.01,12.48,0,3,f9,f0,18,4,4,0,1,0
22,2016,252,12,24,21,0,0,151.93,12.6,0,3,f9,f0,18,4,4,0,1,0
22,2016,252,12,24,22,0,0,151.86,12.71,0,3,f9,f0,18,4,4,0,1,0
23,2016,252,12,24,23,0,0,151.77,12.83,0,3,f9,f0,18,4,4,0,1,0
23,2016,252,12,24,24,0,0,151.7,12.95,0,3,f9,f0,18,4,4,0,1,0
23,2016,252,12,24,25,0,0,151.61,13.06,0,3,f9,f0,18,4,4,0,1,0
23,2016,252,12,24,26,0,0,151.54,13.18,0,3,f9,f0,18,4,4,0,1,0
23,2016,252,12,24,27,0,0,151.46,13.29,0,3,f9,f0,18,4,4,0,1,0
23,2016,252,12,24,28,0,0,151.37,13.41,0,3,f9,f0,18,4,4,0,1,0
23,2016,252,12,24,29,0,0,151.3,13.53,0,3,f9,f0,18,4,4,0,1,0
23,2016,252,12,24,30,0,0,151.21,13.64,0,3,f9,f0,18,4,4,0,1,0
23,2016,252,12,24,31,0,0,151.14,13.76,0,3,f9,f0,18,4,4,0,1,0
23,2016,252,12,24,32,0,0,151.04,13.89,0,3,f9,f0,18,4,4,0,1,0
24,2016,252,12,24,33,0,0,150.96,14.01,0,3,f9,f0,18,4,4,0,1,0
24,2016,252,12,24,34,0,0,150.87,14.13,0,3,f9,f0,18,4,4,0,1,0
24,2016,252,12,24,35,0,0,150.79,14.25,0,3,f9,f0,18,4,4,0,1,0
24,2016,252,12,24,36,0,0,150.69,14.38,0,3,f9,f0,18,4,4,0,1,0
24,2016,252,12,24,37,0,0,150.62,14.5,0,3,f9,f0,18,4,4,0,1,0
24,2016,252,12,24,38,0,0,150.52,14.62,0,3,f9,f0,18,4,4,0,1,0
24,2016,252,12,24,39,0,0,150.44,14.75,0,3,f9,f0,18,4,4,0,1,0
24,2016,252,12,24,40,0,0,150.34,14.87,0,3,f9,f0,18,4,4,0,1,0
24,2016,252,12,24,41,0,0,150.26,15,0,3,f9,f0,18,4,4,0,1,0
24,2016,252,12,24,42,0,0,150.15,15.13,0,3,f9,f0,18,4,4,0,1,0
25,2016,252,12,24,43,0,0,150.06,15.26,0,3,f9,f0,18,4,4,0,1,0
25,2016,252,12,24,44,0,0,149.97,15.4,0,3,f9,f0,18,4,4,0,1,0
25,2016,252,12,24,45,0,0,149.87,15.53,0,3,f9,f0,18,4,4,0,1,0
25,2016,252,12,24,46,0,0,149.77,15.65,0,3,f9,f0,18,4,4,0,1,0
25,2016,252,12,24,47,0,0,149.67,15.79,0,3,f9,f0,18,4,4,0,1,0
25,2016,252,12,24,48,0,0,149.58,15.92,0,3,f9,f0,18,4,4,0,1,0
25,2016,252,12,24,49,0,0,149.48,16.05,0,3,f9,f0,18,4,4,0,1,0
25,2016,252,12,24,50,0,0,149.39,16.18,0,3,f9,f0,18,4,4,0,1,0
25,2016,252,12,24,51,0,0,149.28,16.32,0,3,f9,f0,18,4,4,0,1,0
25,2016,252,12,24,52,0,0,149.18,16.46,0,3,f9,f0,18,4,4,0,1,0
26,2016,252,12,24,53,0,0,149.07,16.6,0,3,f9,f0,18,4,4,0e1a,1,0
26,2016,252,12,24,54,0,0,148.96,16.73,0,3,f9,f0,18,4,4,0e1a,1,0
26,2016,252,12,24,55,0,0,148.86,16.88,0,3,f9,f0,18,4,4,0e1a,1,0
26,2016,252,12,24,56,0,0,148.74,17.02,0,3,f9,f0,18,4,4,0e1a,1,0
26,2016,252,12,24,57,0,0,148.64,17.16,0,3,f9,f0,18,4,4,0e1a,1,0
26,2016,252,12,24,58,0,0,148.53,17.29,0,3,f9,f0,18,4,4,0e1a,1,0
26,2016,252,12,24,59,0,0,148.42,17.43,0,3,f9,f0,18,4,4,0e1a,1,0
26,2016,252,12,25,0,0,0,148.33,17.57,0,3,f9,f0,18,4,4,0e1a,1,0
26,2016,252,12,25,1,0,0,148.2,17.72,0,3,f9,f0,18,4,4,0e1a,1,0
26,2016,252,12,25,2,0,0,148.08,17.87,0,3,f9,f0,18,4,4,0e1a,1,0
27,2016,252,12,25,3,0,0,147.97,18.02,0,3,f9,f0,18,4,4,0e1b,1,0
27,2016,252,12,25,4,0,0,147.85,18.17,0,3,f9,f0,18,4,4,0e1b,1,0
27,2016,252,12,25,5,0,0,147.73,18.32,0,3,f9,f0,18,4,4,0e1b,1,0
27,2016,252,12,25,6,0,0,147.61,18.46,0,3,f9,f0,18,4,4,0e1b,1,0
27,2016,252,12,25,7,0,0,147.49,18.62,0,3,f9,f0,18,4,4,0e1b,1,0
27,2016,252,12,25,8,0,0,147.37,18.76,0,3,f9,f0,18,4,4,0e1b,1,0
27,2016,252,12,25,9,0,0,147.26,18.91,0,3,f9,f0,18,4,4,0e1b,1,0
27,2016,252,12,25,10,0,0,147.14,19.06,0,3,f9,f0,18,4,4,0e1b,1,0
27,2016,252,12,25,11,0,0,147,19.22,0,3,f9,f0,18,4,4,0e1b,1,0
27,2016,252,12,25,12,0,0,146.87,19.38,0,3,f9,f0,18,4,4,0e1b,1,0
28,2016,252,12,25,13,0,0,146.74,19.54,0,3,f9,f0,18,4,4,0e1c,1,0
28,2016,252,12,25,14,0,0,146.6,19.7,0,3,f9,f0,18,4,4,0e1c,1,0
28,2016,252,12,25,15,0,0,146.46,19.86,0,3,f9,f0,18,4,4,0e1c,1,0
28,2016,252,12,25,16,0,0,146.33,20.02,0,3,f9,f0,18,4,4,0e1c,1,0
28,2016,252,12,25,17,0,0,146.21,20.18,0,3,f9,f0,18,4,4,0e1c,1,0
28,2016,252,12,25,18,0,0,146.07,20.34,0,3,f9,f0,18,4,4,0e1c,1,0
28,2016,252,12,25,19,0,0,145.93,20.5,0,3,f9,f0,18,4,4,0e1c,1,0
28,2016,252,12,25,20,0,0,145.8,20.66,0,3,f9,f0,18,4,4,0e1c,1,0
28,2016,252,12,25,21,0,0,145.65,20.83,0,3,f9,f0,18,4,4,0e1c,1,0
28,2016,252,12,25,22,0,0,145.5,21.01,0,3,f9,f0,18,4,4,0e1c,1,0
29,2016,252,12,25,23,0,0,145.35,21.17,0,3,f9,f0,18,4,4,0e1d,1,0
29,2016,252,12,25,24,0,0,145.2,21.35,0,3,f9,f0,18,4,4,0e1d,1,0
29,2016,252,12,25,25,0,0,145.05,21.51,0,3,f9,f0,18,4,4,0e1d,1,0
29,2016,252,12,25,26,0,0,144.89,21.69,0,3,f9,f0,18,4,4,0e1d,1,0
29,2016,252,12,25,27,0,0,144.75,21.86,0,3,f9,f0,18,4,4,0e1d,1,0
29,2016,252,12,25,28,0,0,144.6,22.03,0,3,f9,f0,18,4,4,0e1d,1,0
29,2016,252,12,25,29,0,0,144.45,22.2,0,3,f9,f0,18,4,4,0e1d,1,0
29,2016,252,12,25,30,0,0,144.3,22.37,0,3,f9,f0,18,4,4,0e1d,1,0
29,2016,252,12,25,31,0,0,144.13,22.55,0,3,f9,f0,18,4,4,0e1d,1,0
29,2016,252,12,25,32,0,0,143.96,22.74,0,3,f9,f0,18,4,4,0e1d,1,0
30,2016,252,12,25,33,0,0,143.78,22.92,0,3,f9,f0,18,4,4,0e1e,1,0
30,2016,252,12,25,34,0,0,143.61,23.11,0,3,f9,f0,18,4,4,0e1e,1,0
30,2016,252,12,25,35,0,0,143.45,23.29,0,3,f9,f0,18,4,4,0e1e,1,0
30,2016,252,12,25,36,0,0,143.28,23.47,0,3,f9,f0,18,4,4,0e1e,1,0
30,2016,252,12,25,37,0,0,143.1,23.66,0,3,f9,f0,18,4,4,0e1e,1,0
30,2016,252,12,25,38,0,0,142.93,23.85,0,3,f9,f0,18,4,4,0e1e,1,0
30,2016,252,12,25,39,0,0,142.76,24.03,0,3,f9,f0,18,4,4,0e1e,1,0
30,2016,252,12,25,40,0,0,142.6,24.21,0,3,f9,f0,18,4,4,0e1e,1,0
30,2016,252,12,25,41,0,0,142.4,24.41,0,3,f9,f0,18,4,4,0e1e,1,0
30,2016,252,12,25,42,0,0,142.21,24.61,0,3,f9,f0,18,4,4,0e1e,1,0
31,2016,252,12,25,43,0,0,142.01,24.8,0,3,f9,f0,18,4,4,0e1f,1,0
31,2016,252,12,25,44,0,0,141.82,25,0,3,f9,f0,18,4,4,0e1f,1,0
31,2016,252,12,25,45,0,0,141.63,25.2,0,3,f9,f0,18,4,4,0e1f,1,0
31,2016,252,12,25,46,0,0,141.43,25.4,0,3,f9,f0,18,4,4,0e1f,1,0
31,2016,252,12,25,47,0,0,141.23,25.59,0,3,f9,f0,18,4,4,0e1f,1,0
31,2016,252,12,25,48,0,0,141.03,25.8,0,3,f9,f0,18,4,4,0e1f,1,0
31,2016,252,12,25,49,0,0,140.84,26,0,3,f9,f0,18,4,4,0e1f,1,0
31,2016,252,12,25,50,0,0,140.65,26.19,0,3,f9,f0,18,4,4,0e1f,1,0
31,2016,252,12,25,51,0,0,140.43,26.4,0,3,f9,f0,18,4,4,0e1f,1,0
31,2016,252,12,25,52,0,0,140.2,26.61,0,3,f9,f0,18,4,4,0e1f,1,0
32,2016,252,12,25,53,0,0,139.97,26.83,0,3,f9,f0,18,4,4,0,1,0
32,2016,252,12,25,54,0,0,139.75,27.04,0,3,f9,f0,18,4,4,0,1,0
32,2016,252,12,25,55,0,0,139.53,27.26,0,3,f9,f0,18,4,4,0,1,0
32,2016,252,12,25,56,0,0,139.3,27.47,0,3,f9,f0,18,4,4,0,1,0
32,2016,252,12,25,57,0,0,139.07,27.69,0,3,f9,f0,18,4,4,0,1,0
32,2016,252,12,25,58,0,0,138.85,27.9,0,3,f9,f0,18,4,4,0,1,0
32,2016,252,12,25,59,0,0,138.63,28.11,0,3,f9,f0,18,4,4,0,1,0
32,2016,252,12,26,0,0,0,138.39,28.32,0,3,f9,f0,18,4,4,0,1,0
32,2016,252,12,26,1,0,0,138.14,28.55,0,3,f9,f0,18,4,4,0,1,0
32,2016,252,12,26,2,0,0,137.88,28.78,0,3,f9,f0,18,4,4,0,1,0
33,2016,252,12,26,3,0,0,137.62,29.01,0,3,f9,f0,18,4,4,0,1,0
33,2016,252,12,26,4,0,0,137.36,29.23,0,3,f9,f0,18,4,4,0,1,0
33,2016,252,12,26,5,0,0,137.1,29.46,0,3,f9,f0,18,4,4,0,1,0
33,2016,252,12,26,6,0,0,136.84,29.69,0,3,f9,f0,18,4,4,0,1,0
33,2016,252,12,26,7,0,0,136.58,29.92,0,3,f9,f0,18,4,4,0,1,0
33,2016,252,12,26,8,0,0,136.32,30.15,0,3,f9,f0,18,4,4,0,1,0
33,2016,252,12,26,9,0,0,136.05,30.38,0,3,f9,f0,18,4,4,0,1,0
33,2016,252,12,26,10,0,0,135.8,30.6,0,3,f9,f0,18,4,4,0,1,0
33,2016,252,12,26,11,0,0,135.5,30.85,0,3,f9,f0,18,4,4,0,1,0
33,2016,252,12,26,12,0,0,135.18,31.09,0,3,f9,f0,18,4,4,0,1,0
34,2016,252,12,26,13,0,0,134.88,31.33,0,3,f9,f0,18,4,4,0,1,0
34,2016,252,12,26,14,0,0,134.58,31.57,0,3,f9,f0,18,4,4,0,1,0
34,2016,252,12,26,15,0,0,134.27,31.82,0,3,f9,f0,18,4,4,0,1,0
34,2016,252,12,26,16,0,0,133.97,32.06,0,3,f9,f0,18,4,4,0,1,0
34,2016,252,12,26,17,0,0,133.66,32.3,0,3,f9,f0,18,4,4,0,1,0
34,2016,252,12,26,18,0,0,133.36,32.54,0,3,f9,f0,18,4,4,0,1,0
34,2016,252,12,26,19,0,0,133.05,32.79,0,3,f9,f0,18,4,4,0,1,0
34,2016,252,12,26,20,0,0,132.74,33.04,0,3,f9,f0,18,4,4,0,1,0
34,2016,252,12,26,21,0,0,132.38,33.3,0,3,f9,f0,18,4,4,0,1,0
34,2016,252,12,26,22,0,0,132.03,33.55,0,3,f9,f0,18,4,4,0,1,0
35,2016,252,12,26,23,0,0,131.67,33.81,0,3,f9,f0,18,4,4,0,1,0
35,2016,252,12,26,24,0,0,131.31,34.06,0,3,f9,f0,18,4,4,0,1,0
35,2016,252,12,26,25,0,0,130.95,34.32,0,3,f9,f0,18,4,4,0,1,0
35,2016,252,12,26,26,0,0,130.59,34.58,0,3,f9,f0,18,4,4,0,1,0
35,2016,252,12,26,27,0,0,130.24,34.83,0,3,f9,f0,18,4,4,0,1,0
35,2016,252,12,26,28,0,0,129.88,35.09,0,3,f9,f0,18,4,4,0,1,0
35,2016,252,12,26,29,0,0,129.53,35.34,0,3,f9,f0,18,4,4,0,1,0
35,2016,252,12,26,30,0,0,129.17,35.6,0,3,f9,f0,18,4,4,0,1,0
35,2016,252,12,26,31,0,0,128.7,35.89,0,3,f9,f0,18,4,4,0,1,0
35,2016,252,12,26,32,0,0,128.28,36.16,0,3,f9,f0,18,4,4,0,1,0
36,2016,252,12,26,33,0,0,127.85,36.43,0,3,f9,f0,18,4,4,0,1,0
36,2016,252,12,26,34,0,0,127.46,36.67,0,3,f9,f0,18,4,4,0,1,0
36,2016,252,12,26,35,0,0,127.05,36.94,0,3,f9,f0,18,4,4,0,1,0
36,2016,252,12,26,36,0,0,126.62,37.2,0,3,f9,f0,18,4,4,0,1,0
36,2016,252,12,26,37,0,0,126.16,37.49,0,3,f9,f0,18,4,4,0,1,0
36,2016,252,12,26,38,0,0,125.73,37.76,0,3,f9,f0,18,4,4,0,1,0
36,2016,252,12,26,39,0,0,125.3,38.03,0,3,f9,f0,18,4,4,0,1,0
36,2016,252,12,26,40,0,0,124.92,38.27,0,3,f9,f0,18,4,4,0,1,0
36,2016,252,12,26,41,0,0,124.41,38.54,0,3,f9,f0,18,4,4,0,1,0
36,2016,252,12,26,42,0,0,123.91,38.82,0,3,f9,f0,18,4,4,0,1,0
37,2016,252,12,26,43,0,0,123.4,39.08,0,3,f9,f0,18,4,4,0,1,0
37,2016,252,12,26,44,0,0,122.85,39.38,0,3,f9,f0,18,4,4,0,1,0
37,2016,252,12,26,45,0,0,122.34,39.65,0,3,f9,f0,18,4,4,0,1,0
37,2016,252,12,26,46,0,0,121.89,39.9,0,3,f9,f0,18,4,4,0,1,0
37,2016,252,12,26,47,0,0,121.38,40.17,0,3,f9,f0,18,4,4,0,1,0
37,2016,252,12,26,48,0,0,120.88,40.44,0,3,f9,f0,18,4,4,0,1,0
37,2016,252,12,26,49,0,0,120.37,40.71,0,3,f9,f0,18,4,4,0,1,0
37,2016,252,12,26,50,0,0,119.86,40.98,0,3,f9,f0,18,4,4,0,1,0
37,2016,252,12,26,51,0,0,119.2,41.27,0,3,f9,f0,18,4,4,0,1,0
37,2016,252,12,26,52,0,0,118.61,41.53,0,3,f9,f0,18,4,4,0,1,0
38,2016,252,12,26,53,0,0,118.08,41.77,0,3,f9,f0,18,4,4,0,1,0
38,2016,252,12,26,54,0,0,117.46,42.04,0,3,f9,f0,18,4,4,0,1,0
38,2016,252,12,26,55,0,0,116.86,42.31,0,3,f9,f0,18,4,4,0,1,0
38,2016,252,12,26,56,0,0,116.25,42.58,0,3,f9,f0,18,4,4,0,1,0
38,2016,252,12,26,57,0,0,115.66,42.84,0,3,f9,f0,18,4,4,0,1,0
38,2016,252,12,26,58,0,0,115,43.12,0,3,f9,f0,18,4,4,0,1,0
38,2016,252,12,26,59,0,0,114.4,43.4,0,3,f9,f0,18,4,4,0,1,0
38,2016,252,12,27,0,0,0,113.86,43.63,0,3,f9,f0,18,4,4,0,1,0
38,2016,252,12,27,1,0,0,113.15,43.87,0,3,f9,f0,18,4,4,0,1,0
38,2016,252,12,27,2,0,0,112.44,44.12,0,3,f9,f0,18,4,4,0,1,0
39,2016,252,12,27,3,0,0,111.73,44.36,0,3,f9,f0,18,4,4,0,1,0
39,2016,252,12,27,4,0,0,111.02,44.6,0,3,f9,f0,18,4,4,0,1,0
39,2016,252,12,27,5,0,0,110.24,44.87,0,3,f9,f0,18,4,4,0,1,0
39,2016,252,12,27,6,0,0,109.61,45.09,0,3,f9,f0,18,4,4,0,1,0
39,2016,252,12,27,7,0,0,108.9,45.33,0,3,f9,f0,18,4,4,0,1,0
39,2016,252,12,27,8,0,0,108.19,45.58,0,3,f9,f0,18,4,4,0,1,0
39,2016,252,12,27,9,0,0,107.49,45.82,0,3,f9,f0,18,4,4,0,1,0
39,2016,252,12,27,10,0,0,106.78,46.06,0,3,f9,f0,18,4,4,0,1,0
39,2016,252,12,27,11,0,0,105.95,46.26,0,3,f9,f0,18,4,4,0,1,0
39,2016,252,12,27,12,0,0,105.06,46.49,0,3,f9,f0,18,4,4,0,1,0
40,2016,252,12,27,13,0,0,104.32,46.67,0,3,f9,f0,18,4,4,0,1,0
40,2016,252,12,27,14,0,0,103.49,46.87,0,3,f9,f0,18,4,4,0,1,0
40,2016,252,12,27,15,0,0,102.67,47.08,0,3,f9,f0,18,4,4,0,1,0
40,2016,252,12,27,16,0,0,101.86,47.28,0,3,f9,f0,18,4,4,0,1,0
40,2016,252,12,27,17,0,0,101.04,47.48,0,3,f9,f0,18,4,4,0,1,0
40,2016,252,12,27,18,0,0,100.21,47.68,0,3,f9,f0,18,4,4,0,1,0
40,2016,252,12,27,19,0,0,99.4,47.89,0,3,f9,f0,18,4,4,0,1,0
40,2016,252,12,27,20,0,0,98.59,48.09,0,3,f9,f0,18,4,4,0,1,0
40,2016,252,12,27,21,0,0,97.65,48.23,0,3,f9,f0,18,4,4,0,1,0
40,2016,252,12,27,22,0,0,96.72,48.37,0,3,f9,f0,18,4,4,0,1,0
41,2016,252,12,27,23,0,0,95.82,48.51,0,3,f9,f0,18,4,4,0,1,0
41,2016,252,12,27,24,0,0,94.9,48.66,0,3,f9,f0,18,4,4,0,1,0
41,2016,252,12,27,25,0,0,93.98,48.8,0,3,f9,f0,18,4,4,0,1,0
41,2016,252,12,27,26,0,0,93.07,48.94,0,3,f9,f0,18,4,4,0,1,0
41,2016,252,12,27,27,0,0,92.14,49.08,0,3,f9,f0,18,4,4,0,1,0
41,2016,252,12,27,28,0,0,91.22,49.22,0,3,f9,f0,18,4,4,0,1,0
41,2016,252,12,27,29,0,0,90.31,49.36,0,3,f9,f0,18,4,4,0,1,0
41,2016,252,12,27,30,0,0,89.38,49.5,0,3,f9,f0,18,4,4,0,1,0
41,2016,252,12,27,31,0,0,88.39,49.56,0,3,f9,f0,18,4,4,0,1,0
41,2016,252,12,27,32,0,0,87.32,49.63,0,3,f9,f0,18,4,4,0,1,0
42,2016,252,12,27,33,0,0,86.44,49.68,0,3,f9,f0,18,4,4,0e2a,1,0
42,2016,252,12,27,34,0,0,85.45,49.74,0,3,f9,f0,18,4,4,0e2a,1,0
42,2016,252,12,27,35,0,0,84.47,49.8,0,3,f9,f0,18,4,4,0e2a,1,0
42,2016,252,12,27,36,0,0,83.48,49.86,0,3,f9,f0,18,4,4,0e2a,1,0
42,2016,252,12,27,37,0,0,82.5,49.92,0,3,f9,f0,18,4,4,0e2a,1,0
42,2016,252,12,27,38,0,0,81.52,49.98,0,3,f9,f0,18,4,4,0e2a,1,0
42,2016,252,12,27,39,0,0,80.54,50.04,0,3,f9,f0,18,4,4,0e2a,1,0
42,2016,252,12,27,40,0,0,79.56,50.1,0,3,f9,f0,18,4,4,0e2a,1,0
42,2016,252,12,27,41,0,0,78.56,50.11,0,3,f9,f0,18,4,4,0e2a,1,0
42,2016,252,12,27,42,0,0,77.57,50.08,0,3,f9,f0,18,4,4,0e2a,1,0
43,2016,252,12,27,43,0,0,76.57,50.02,0,3,f9,f0,18,4,4,0e2b,1,0
43,2016,252,12,27,44,0,0,75.57,49.99,0,3,f9,f0,18,4,4,0e2b,1,0
43,2016,252,12,27,45,0,0,74.58,49.96,0,3,f9,f0,18,4,4,0e2b,1,0
43,2016,252,12,27,46,0,0,73.59,49.93,0,3,f9,f0,18,4,4,0e2b,1,0
43,2016,252,12,27,47,0,0,72.59,49.9,0,3,f9,f0,18,4,4,0e2b,1,0
43,2016,252,12,27,48,0,0,71.61,49.87,0,3,f9,f0,18,4,4,0e2b,1,0
43,2016,252,12,27,49,0,0,70.61,49.85,0,3,f9,f0,18,4,4,0e2b,1,0
43,2016,252,12,27,50,0,0,69.6,49.82,0,3,f9,f0,18,4,4,0e2b,1,0
43,2016,252,12,27,51,0,0,68.66,49.71,0,3,f9,f0,18,4,4,0e2b,1,0
43,2016,252,12,27,52,0,0,67.7,49.59,0,3,f9,f0,18,4,4,0e2b,1,0
44,2016,252,12,27,53,0,0,66.76,49.48,0,3,f9,f0,18,4,4,0e2c,1,0
44,2016,252,12,27,54,0,0,65.83,49.37,0,3,f9,f0,18,4,4,0e2c,1,0
44,2016,252,12,27,55,0,0,65.16,49.24,0,0,f9,f0,18,4,4,0e2c,1,0
44,2016,252,12,27,56,0,0,64.04,49.14,0,0,f9,f0,18,4,4,0e2c,1,0
44,2016,252,12,27,57,0,0,63.14,49.07,0,0,f9,f0,18,4,4,0e2c,1,0
44,2016,252,12,27,58,0,0,62.26,48.98,0,0,f9,f0,18,4,4,0e2c,1,0
44,2016,252,12,27,59,0,0,61.36,48.87,0,0,f9,f0,18,4,4,0e2c,1,0
44,2016,252,12,28,0,0,0,60.48,48.75,0,0,f9,f0,18,4,4,0e2c,1,0
44,2016,252,12,28,1,0,0,59.59,48.61,0,0,f9,f0,18,4,4,0e2c,1,0
44,2016,252,12,28,2,0,0,58.67,48.47,0,0,f9,f0,18,4,4,0e2c,1,0
45,2016,252,12,28,3,0,0,57.76,48.32,0,0,f9,f0,18,4,4,0e2d,1,0
45,2016,252,12,28,4,0,0,56.89,48.17,0,0,f9,f0,18,4,4,0e2d,1,0
45,2016,252,12,28,5,0,0,56.01,48,0,0,f9,f0,18,4,4,0e2d,1,0
45,2016,252,12,28,6,0,0,55.16,47.83,0,0,f9,f0,18,4,4,0e2d,1,0
45,2016,252,12,28,7,0,0,54.33,47.65,0,0,f9,f0,18,4,4,0e2d,1,0
45,2016,252,12,28,8,0,0,53.49,47.45,0,0,f9,f0,18,4,4,0e2d,1,0
45,2016,252,12,28,9,0,0,52.68,47.25,0,0,f9,f0,18,4,4,0e2d,1,0
45,2016,252,12,28,10,0,0,51.85,47.04,0,0,f9,f0,18,4,4,0e2d,1,0
45,2016,252,12,28,11,0,0,51.04,46.83,0,0,f9,f0,18,4,4,0e2d,1,0
45,2016,252,12,28,12,0,0,50.25,46.61,0,0,f9,f0,18,4,4,0e2d,1,0
46,2016,252,12,28,13,0,0,49.46,46.4,0,0,f9,f0,18,4,4,0e2e,1,0
46,2016,252,12,28,14,0,0,48.7,46.17,0,0,f9,f0,18,4,4,0e2e,1,0
46,2016,252,12,28,15,0,0,47.95,45.95,0,0,f9,f0,18,4,4,0e2e,1,0
46,2016,252,12,28,16,0,0,47.2,45.73,0,0,f9,f0,18,4,4,0e2e,1,0
46,2016,252,12,28,17,0,0,46.46,45.5,0,0,f9,f0,18,4,4,0e2e,1,0
46,2016,252,12,28,18,0,0,45.74,45.27,0,0,f9,f0,18,4,4,0e2e,1,0
46,2016,252,12,28,19,0,0,45.03,45.03,0,0,f9,f0,18,4,4,0e2e,1,0
46,2016,252,12,28,20,0,0,44.33,44.79,0,0,f9,f0,18,4,4,0e2e,1,0
46,2016,252,12,28,21,0,0,43.63,44.54,0,0,f9,f0,18,4,4,0e2e,1,0
46,2016,252,12,28,22,0,0,42.95,44.29,0,0,f9,f0,18,4,4,0e2e,1,0
47,2016,252,12,28,23,0,0,42.3,44.02,0,0,f9,f0,18,4,4,0e2f,1,0
47,2016,252,12,28,24,0,0,41.63,43.76,0,0,f9,f0,18,4,4,0e2f,1,0
47,2016,252,12,28,25,0,0,40.98,43.48,0,0,f9,f0,18,4,4,0e2f,1,0
47,2016,252,12,28,26,0,0,40.35,43.19,0,0,f9,f0,18,4,4,0e2f,1,0
47,2016,252,12,28,27,0,0,39.72,42.9,0,0,f9,f0,18,4,4,0e2f,1,0
47,2016,252,12,28,28,0,0,39.11,42.61,0,0,f9,f0,18,4,4,0e2f,1,0
47,2016,252,12,28,29,0,0,38.49,42.3,0,0,f9,f0,18,4,4,0e2f,1,0
47,2016,252,12,28,30,0,0,37.91,41.98,0,0,f9,f0,18,4,4,0e2f,1,0
47,2016,252,12,28,31,0,0,37.33,41.68,0,0,f9,f0,18,4,4,0e2f,1,0
47,2016,252,12,28,32,0,0,36.76,41.4,0,0,f9,f0,18,4,4,0e2f,1,0
48,2016,252,12,28,33,0,0,36.2,41.13,0,0,f9,f0,18,4,4,0,1,0
48,2016,252,12,28,34,0,0,35.66,40.88,0,0,f9,f0,18,4,4,0,1,0
48,2016,252,12,28,35,0,0,35.11,40.64,0,0,f9,f0,18,4,4,0,1,0
48,2016,252,12,28,36,0,0,34.56,40.38,0,0,f9,f0,18,4,4,0,1,0
48,2016,252,12,28,37,0,0,33.95,40.1,0,0,f9,f0,18,4,4,0,1,0
48,2016,252,12,28,38,0,0,33.49,39.86,0,0,f9,f0,18,4,4,0,1,0
48,2016,252,12,28,39,0,0,32.96,39.6,0,0,f9,f0,18,4,4,0,1,0
48,2016,252,12,28,40,0,0,32.46,39.33,0,0,f9,f0,18,4,4,0,1,0
48,2016,252,12,28,41,0,0,31.97,39.07,0,0,f9,f0,18,4,4,0,1,0
48,2016,252,12,28,42,0,0,31.5,38.79,0,0,f9,f0,18,4,4,0,1,0
49,2016,252,12,28,43,0,0,31.04,38.51,0,0,f9,f0,18,4,4,0,1,0
49,2016,252,12,28,44,0,0,30.59,38.23,0,0,f9,f0,18,4,4,0,1,0
49,2016,252,12,28,45,0,0,30.12,37.93,0,0,f9,f0,18,4,4,0,1,0
49,2016,252,12,28,46,0,0,29.68,37.65,0,0,f9,f0,18,4,4,0,1,0
49,2016,252,12,28,47,0,0,29.24,37.37,0,0,f9,f0,18,4,4,0,1,0
49,2016,252,12,28,48,0,0,28.81,37.1,0,0,f9,f0,18,4,4,0,1,0
49,2016,252,12,28,49,0,0,28.37,36.83,0,0,f9,f0,18,4,4,0,1,0
49,2016,252,12,28,50,0,0,27.94,36.57,0,0,f9,f0,18,4,4,0,1,0
49,2016,252,12,28,51,0,0,27.52,36.31,0,0,f9,f0,18,4,4,0,1,0
49,2016,252,12,28,52,0,0,27.11,36.06,0,0,f9,f0,18,4,4,0,1,0
50,2016,252,12,28,53,0,0,26.71,35.8,0,0,f9,f0,18,4,4,0,1,0
50,2016,252,12,28,54,0,0,26.32,35.54,0,0,f9,f0,18,4,4,0,1,0
50,2016,252,12,28,55,0,0,25.94,35.28,0,0,f9,f0,18,4,4,0,1,0
50,2016,252,12,28,56,0,0,25.57,35.02,0,0,f9,f0,18,4,4,0,1,0
50,2016,252,12,28,57,0,0,25.19,34.77,0,0,f9,f0,18,4,4,0,1,0
50,2016,252,12,28,58,0,0,24.83,34.52,0,0,f9,f0,18,4,4,0,1,0
50,2016,252,12,28,59,0,0,24.48,34.27,0,0,f9,f0,18,4,4,0,1,0
50,2016,252,12,29,0,0,0,24.13,34.02,0,0,f9,f0,18,4,4,0,1,0
50,2016,252,12,29,1,0,0,23.78,33.76,0,0,f9,f0,18,4,4,0,1,0
50,2016,252,12,29,2,0,0,23.44,33.49,0,0,f9,f0,18,4,4,0,1,0
51,2016,252,12,29,3,0,0,23.09,33.22,0,0,f9,f0,18,4,4,0,1,0
51,2016,252,12,29,4,0,0,22.76,32.96,0,0,f9,f0,18,4,4,0,1,0
51,2016,252,12,29,5,0,0,22.44,32.71,0,0,f9,f0,18,4,4,0,1,0
51,2016,252,12,29,6,0,0,22.12,32.46,0,0,f9,f0,18,4,4,0,1,0
51,2016,252,12,29,7,0,0,21.81,32.21,0,0,f9,f0,18,4,4,0,1,0
51,2016,252,12,29,8,0,0,21.5,31.98,0,0,f9,f0,18,4,4,0,1,0
51,2016,252,12,29,9,0,0,21.21,31.74,0,0,f9,f0,18,4,4,0,1,0
51,2016,252,12,29,10,0,0,20.9,31.51,0,0,f9,f0,18,4,4,0,1,0
51,2016,252,12,29,11,0,0,20.59,31.27,0,0,f9,f0,18,4,4,0,1,0
51,2016,252,12,29,12,0,0,20.31,31.05,0,0,f9,f0,18,4,4,0,1,0
52,2016,252,12,29,13,0,0,20,30.81,0,0,f9,f0,18,4,4,0,1,0
52,2016,252,12,29,14,0,0,19.71,30.58,0,0,f9,f0,18,4,4,0,1,0
52,2016,252,12,29,15,0,0,19.43,30.33,0,0,f9,f0,18,4,4,0,1,0
52,2016,252,12,29,16,0,0,19.16,30.09,0,0,f9,f0,18,4,4,0,1,0
52,2016,252,12,29,17,0,0,18.9,29.84,0,0,f9,f0,18,4,4,0,1,0
52,2016,252,12,29,18,0,0,18.65,29.59,0,0,f9,f0,18,4,4,0,1,0
52,2016,252,12,29,19,0,0,18.41,29.36,0,0,f9,f0,18,4,4,0,1,0
52,2016,252,12,29,20,0,0,18.15,29.13,0,0,f9,f0,18,4,4,0,1,0
52,2016,252,12,29,21,0,0,17.89,28.9,0,0,f9,f0,18,4,4,0,1,0
52,2016,252,12,29,22,0,0,17.62,28.68,0,0,f9,f0,18,4,4,0,1,0
53,2016,252,12,29,23,0,0,17.38,28.48,0,0,f9,f0,18,4,4,0,1,0
53,2016,252,12,29,24,0,0,17.13,28.27,0,0,f9,f0,18,4,4,0,1,0
53,2016,252,12,29,25,0,0,16.89,28.06,0,0,f9,f0,18,4,4,0,1,0
53,2016,252,12,29,26,0,0,16.67,27.86,0,0,f9,f0,18,4,4,0,1,0
53,2016,252,12,29,27,0,0,16.45,27.64,0,0,f9,f0,18,4,4,0,1,0
53,2016,252,12,29,28,0,0,16.21,27.43,0,0,f9,f0,18,4,4,0,1,0
53,2016,252,12,29,29,0,0,15.99,27.21,0,0,f9,f0,18,4,4,0,1,0
53,2016,252,12,29,30,0,0,15.77,26.98,0,0,f9,f0,18,4,4,0,1,0
53,2016,252,12,29,31,0,0,15.54,26.75,0,0,f9,f0,18,4,4,0,1,0
53,2016,252,12,29,32,0,0,15.33,26.54,0,0,f9,f0,18,4,4,0,1,0
54,2016,252,12,29,33,0,0,15.11,26.33,0,0,f9,f0,18,4,4,0,1,0
54,2016,252,12,29,34,0,0,14.88,26.12,0,0,f9,f0,18,4,4,0,1,0
54,2016,252,12,29,35,0,0,14.68,25.93,0,0,f9,f0,18,4,4,0,1,0
54,2016,252,12,29,36,0,0,14.48,25.72,0,0,f9,f0,18,4,4,0,1,0
54,2016,252,12,29,37,0,0,14.27,25.53,0,0,f9,f0,18,4,4,0,1,0
54,2016,252,12,29,38,0,0,14.09,25.34,0,0,f9,f0,18,4,4,0,1,0
54,2016,252,12,29,39,0,0,13.89,25.14,0,0,f9,f0,18,4,4,0,1,0
54,2016,252,12,29,40,0,0,13.7,24.95,0,0,f9,f0,18,4,4,0,1,0
54,2016,252,12,29,41,0,0,13.53,24.75,0,0,f9,f0,18,4,4,0,1,0
54,2016,252,12,29,42,0,0,13.31,24.56,0,0,f9,f0,18,4,4,0,1,0
55,2016,252,12,29,43,0,0,13.14,24.37,0,0,f9,f0,18,4,4,0,1,0
55,2016,252,12,29,44,0,0,12.96,24.18,0,0,f9,f0,18,4,4,0,1,0
55,2016,252,12,29,45,0,0,12.78,23.99,0,0,f9,f0,18,4,4,0,1,0
55,2016,252,12,29,46,0,0,12.59,23.79,0,0,f9,f0,18,4,4,0,1,0
55,2016,252,12,29,47,0,0,12.41,23.6,0,0,f9,f0,18,4,4,0,1,0
55,2016,252,12,29,48,0,0,12.24,23.41,0,0,f9,f0,18,4,4,0,1,0
55,2016,252,12,29,49,0,0,12.06,23.24,0,0,f9,f0,18,4,4,0,1,0
55,2016,252,12,29,50,0,0,11.9,23.06,0,0,f9,f0,18,4,4,0,1,0
55,2016,252,12,29,51,0,0,11.73,22.89,0,0,f9,f0,18,4,4,0,1,0
55,2016,252,12,29,52,0,0,11.57,22.72,0,0,f9,f0,18,4,4,0,1,0
56,2016,252,12,29,53,0,0,11.41,22.55,0,0,f9,f0,18,4,4,0,1,0
56,2016,252,12,29,54,0,0,11.25,22.36,0,0,f9,f0,18,4,4,0,1,0
56,2016,252,12,29,55,0,0,11.09,22.18,0,0,f9,f0,18,4,4,0,1,0
56,2016,252,12,29,56,0,0,10.93,21.98,0,0,f9,f0,18,4,4,0,1,0
56,2016,252,12,29,57,0,0,10.79,21.8,0,0,f9,f0,18,4,4,0,1,0
56,2016,252,12,29,58,0,0,10.63,21.6,0,0,f9,f0,18,4,4,0,1,0
56,2016,252,12,29,59,0,0,10.49,21.41,0,0,f9,f0,18,4,4,0,1,0
56,2016,252,12,30,0,0,0,10.33,21.23,0,0,f9,f0,18,4,4,0,1,0
56,2016,252,12,30,1,0,0,10.19,21.08,0,0,f9,f0,18,4,4,0,1,0
56,2016,252,12,30,2,0,0,10.04,20.92,0,0,f9,f0,18,4,4,0,1,0
57,2016,252,12,30,3,0,0,9.89,20.78,0,0,f9,f0,18,4,4,0,1,0
57,2016,252,12,30,4,0,0,9.75,20.62,0,0,f9,f0,18,4,4,0,1,0
57,2016,252,12,30,5,0,0,9.59,20.48,0,0,f9,f0,18,4,4,0,1,0
57,2016,252,12,30,6,0,0,9.46,20.32,0,0,f9,f0,18,4,4,0,1,0
57,2016,252,12,30,7,0,0,9.32,20.16,0,0,f9,f0,18,4,4,0,1,0
57,2016,252,12,30,8,0,0,9.18,19.98,0,0,f9,f0,18,4,4,0,1,0
57,2016,252,12,30,9,0,0,9.05,19.8,0,0,f9,f0,18,4,4,0,1,0
57,2016,252,12,30,10,0,0,8.93,19.63,0,0,f9,f0,18,4,4,0,1,0
57,2016,252,12,30,11,0,0,8.79,19.46,0,0,f9,f0,18,4,4,0,1,0
57,2016,252,12,30,12,0,0,8.67,19.31,0,0,f9,f0,18,4,4,0,1,0
58,2016,252,12,30,13,0,0,8.56,19.17,0,0,f9,f0,18,4,4,0e3a,1,0
58,2016,252,12,30,14,0,0,8.43,19.02,0,0,f9,f0,18,4,4,0e3a,1,0
58,2016,252,12,30,15,0,0,8.29,18.89,0,0,f9,f0,18,4,4,0e3a,1,0
58,2016,252,12,30,16,0,0,8.18,18.74,0,0,f9,f0,18,4,4,0e3a,1,0
58,2016,252,12,30,17,0,0,8.06,18.6,0,0,f9,f0,18,4,4,0e3a,1,0
58,2016,252,12,30,18,0,0,7.94,18.45,0,0,f9,f0,18,4,4,0e3a,1,0
58,2016,252,12,30,19,0,0,7.83,18.29,0,0,f9,f0,18,4,4,0e3a,1,0
58,2016,252,12,30,20,0,0,7.71,18.12,0,0,f9,f0,18,4,4,0e3a,1,0
58,2016,252,12,30,21,0,0,7.59,17.95,0,0,f9,f0,18,4,4,0e3a,1,0
58,2016,252,12,30,22,0,0,7.46,17.79,0,0,f9,f0,18,4,4,0e3a,1,0
59,2016,252,12,30,23,0,0,7.36,17.63,0,0,f9,f0,18,4,4,0e3b,1,0
59,2016,252,12,30,24,0,0,7.25,17.49,0,0,f9,f0,18,4,4,0e3b,1,0
59,2016,252,12,30,25,0,0,7.14,17.38,0,0,f9,f0,18,4,4,0e3b,1,0
59,2016,252,12,30,26,0,0,7.03,17.26,0,0,f9,f0,18,4,4,0e3b,1,0
59,2016,252,12,30,27,0,0,6.89,17.13,0,0,f9,f0,18,4,4,0e3b,1,0
59,2016,252,12,30,28,0,0,6.79,17.01,0,0,f9,f0,18,4,4,0e3b,1,0
59,2016,252,12,30,29,0,0,6.68,16.87,0,0,f9,f0,18,4,4,0e3b,1,0
59,2016,252,12,30,30,0,0,6.57,16.72,0,0,f9,f0,18,4,4,0e3b,1,0
59,2016,252,12,30,31,0,0,6.47,16.56,0,0,f9,f0,18,4,4,0e3b,1,0
59,2016,252,12,30,32,0,0,6.36,16.39,0,0,f9,f0,18,4,4,0e3b,1,0
60,2016,252,12,30,33,0,0,6.27,16.22,0,0,f9,f0,18,4,4,0e3c,1,0
60,2016,252,12,30,34,0,0,6.17,16.07,0,0,f9,f0,18,4,4,0e3c,1,0
60,2016,252,12,30,35,0,0,6.07,15.95,0,0,f9,f0,18,4,4,0e3c,1,0
60,2016,252,12,30,36,0,0,5.98,15.82,0,0,f9,f0,18,4,4,0e3c,1,0
60,2016,252,12,30,37,0,0,5.87,15.7,0,0,f9,f0,18,4,4,0e3c,1,0
60,2016,252,12,30,38,0,0,5.79,15.58,0,0,f9,f0,18,4,4,0e3c,1,0
60,2016,252,12,30,39,0,0,5.68,15.45,0,0,f9,f0,18,4,4,0e3c,1,0
60,2016,252,12,30,40,0,0,5.59,15.32,0,0,f9,f0,18,4,4,0e3c,1,0
60,2016,252,12,30,41,0,0,5.49,15.17,0,0,f9,f0,18,4,4,0e3c,1,0
60,2016,252,12,30,42,0,0,5.41,15.04,0,0,f9,f0,18,4,4,0e3c,1,0
61,2016,252,12,30,43,0,0,5.31,14.92,0,0,f9,f0,18,4,4,0e3d,1,0
61,2016,252,12,30,44,0,0,5.21,14.78,0,0,f9,f0,18,4,4,0e3d,1,0
61,2016,252,12,30,45,0,0,5.12,14.66,0,0,f9,f0,18,4,4,0e3d,1,0
61,2016,252,12,30,46,0,0,5.04,14.56,0,0,f9,f0,18,4,4,0e3d,1,0
61,2016,252,12,30,47,0,0,4.95,14.45,0,0,f9,f0,18,4,4,0e3d,1,0
61,2016,252,12,30,48,0,0,4.88,14.34,0,0,f9,f0,18,4,4,0e3d,1,0
61,2016,252,12,30,49,0,0,4.78,14.23,0,0,f9,f0,18,4,4,0e3d,1,0
61,2016,252,12,30,50,0,0,4.7,14.09,0,0,f9,f0,18,4,4,0e3d,1,0
61,2016,252,12,30,51,0,0,4.61,13.95,0,0,f9,f0,18,4,4,0e3d,1,0
61,2016,252,12,30,52,0,0,4.53,13.81,0,0,f9,f0,18,4,4,0e3d,1,0
62,2016,252,12,30,53,0,0,4.44,13.68,0,0,f9,f0,18,4,4,0e3e,1,0
62,2016,252,12,30,54,0,0,4.37,13.56,0,0,f9,f0,18,4,4,0e3e,1,0
62,2016,252,12,30,55,0,0,4.27,13.44,0,0,f9,f0,18,4,4,0e3e,1,0
62,2016,252,12,30,56,0,0,4.21,13.34,0,0,f9,f0,18,4,4,0e3e,1,0
62,2016,252,12,30,57,0,0,4.12,13.23,0,0,f9,f0,18,4,4,0e3e,1,0
62,2016,252,12,30,58,0,0,4.05,13.11,0,0,f9,f0,18,4,4,0e3e,1,0
62,2016,252,12,30,59,0,0,3.94,12.98,0,0,f9,f0,18,4,4,0e3e,1,0
62,2016,252,12,31,0,0,0,3.88,12.86,0,0,f9,f0,18,4,4,0e3e,1,0
62,2016,252,12,31,1,0,0,3.8,12.74,0,0,f9,f0,18,4,4,0e3e,1,0
62,2016,252,12,31,2,0,0,3.72,12.6,0,0,f9,f0,18,4,4,0e3e,1,0
63,2016,252,12,31,3,0,0,3.66,12.48,0,0,f9,f0,18,4,4,0e3f,1,0
63,2016,252,12,31,4,0,0,3.57,12.36,0,0,f9,f0,18,4,4,0e3f,1,0
63,2016,252,12,31,5,0,0,3.5,12.25,0,0,f9,f0,18,4,4,0e3f,1,0
63,2016,252,12,31,6,0,0,3.42,12.16,0,0,f9,f0,18,4,4,0e3f,1,0
63,2016,252,12,31,7,0,0,3.36,12.06,0,0,f9,f0,18,4,4,0e3f,1,0
63,2016,252,12,31,8,0,0,3.29,11.97,0,0,f9,f0,18,4,4,0e3f,1,0
63,2016,252,12,31,9,0,0,3.22,11.86,0,0,f9,f0,18,4,4,0e3f,1,0
63,2016,252,12,31,10,0,0,3.15,11.75,0,0,f9,f0,18,4,4,0e3f,1,0
63,2016,252,12,31,11,0,0,3.07,11.62,0,0,f9,f0,18,4,4,0e3f,1,0
63,2016,252,12,31,12,0,0,3.01,11.49,0,0,f9,f0,18,4,4,0e3f,1,0
64,2016,252,12,31,13,0,0,2.93,11.39,0,0,f9,f0,18,4,4,0,1,0
64,2016,252,12,31,14,0,0,2.86,11.29,0,0,f9,f0,18,4,4,0,1,0
64,2016,252,12,31,15,0,0,2.81,11.21,0,0,f9,f0,18,4,4,0,1,0
64,2016,252,12,31,16,0,0,2.73,11.12,0,0,f9,f0,18,4,4,0,1,0
64,2016,252,12,31,17,0,0,2.67,11.02,0,0,f9,f0,18,4,4,0,1,0
64,2016,252,12,31,18,0,0,2.61,10.91,0,0,f9,f0,18,4,4,0,1,0
64,2016,252,12,31,19,0,0,2.53,10.79,0,0,f9,f0,18,4,4,0,1,0
64,2016,252,12,31,20,0,0,2.48,10.67,0,0,f9,f0,18,4,4,0,1,0
64,2016,252,12,31,21,0,0,2.41,10.56,0,0,f9,f0,18,4,4,0,1,0
64,2016,252,12,31,22,0,0,2.35,10.45,0,0,f9,f0,18,4,4,0,1,0
65,2016,252,12,31,23,0,0,2.28,10.36,0,0,f9,f0,18,4,4,0,1,0
65,2016,252,12,31,24,0,0,2.22,10.27,0,0,f9,f0,18,4,4,0,1,0
65,2016,252,12,31,25,0,0,2.16,10.2,0,0,f9,f0,18,4,4,0,1,0
65,2016,252,12,31,26,0,0,2.1,10.11,0,0,f9,f0,18,4,4,0,1,0
65,2016,252,12,31,27,0,0,2.02,10.02,0,0,f9,f0,18,4,4,0,1,0
65,2016,252,12,31,28,0,0,1.97,9.93,0,0,f9,f0,18,4,4,0,1,0
65,2016,252,12,31,29,0,0,1.92,9.82,0,0,f9,f0,18,4,4,0,1,0
65,2016,252,12,31,30,0,0,1.86,9.69,0,0,f9,f0,18,4,4,0,1,0
65,2016,252,12,31,31,0,0,1.81,9.57,0,0,f9,f0,18,4,4,0,1,0
65,2016,252,12,31,32,0,0,1.74,9.47,0,0,f9,f0,18,4,4,0,1,0
66,2016,252,12,31,33,0,0,1.68,9.38,0,0,f9,f0,18,4,4,0,1,0
66,2016,252,12,31,34,0,0,1.63,9.3,0,0,f9,f0,18,4,4,0,1,0
66,2016,252,12,31,35,0,0,1.57,9.2,0,0,f9,f0,18,4,4,0,1,0
66,2016,252,12,31,36,0,0,1.5,9.09,0,0,f9,f0,18,4,4,0,1,0
66,2016,252,12,31,37,0,0,1.45,8.98,0,0,f9,f0,18,4,4,0,1,0
66,2016,252,12,31,38,0,0,1.39,8.87,0,0,f9,f0,18,4,4,0,1,0
66,2016,252,12,31,39,0,0,1.34,8.78,0,0,f9,f0,18,4,4,0,1,0
66,2016,252,12,31,40,0,0,1.29,8.7,0,0,f9,f0,18,4,4,0,1,0
66,2016,252,12,31,41,0,0,1.23,8.63,0,0,f9,f0,18,4,4,0,1,0
66,2016,252,12,31,42,0,0,1.17,8.55,0,0,f9,f0,18,4,4,0,1,0
67,2016,252,12,31,43,0,0,1.12,8.47,0,0,f9,f0,18,4,4,0,1,0
67,2016,252,12,31,44,0,0,1.06,8.36,0,0,f9,f0,18,4,4,0,1,0
67,2016,252,12,31,45,0,0,1.01,8.27,0,0,f9,f0,18,4,4,0,1,0
67,2016,252,12,31,46,0,0,0.95,8.15,0,0,f9,f0,18,4,4,0,1,0
67,2016,252,12,31,47,0,0,0.91,8.05,0,0,f9,f0,18,4,4,0,1,0
67,2016,252,12,31,48,0,0,0.85,7.96,0,0,f9,f0,18,4,4,0,1,0
67,2016,252,12,31,49,0,0,0.79,7.88,0,0,f9,f0,18,4,4,0,1,0
67,2016,252,12,31,50,0,0,0.75,7.81,0,0,f9,f0,18,4,4,0,1,0
67,2016,252,12,31,51,0,0,0.7,7.73,0,0,f9,f0,18,4,4,0,1,0
67,2016,252,12,31,52,0,0,0.64,7.65,0,0,f9,f0,18,4,4,0,1,0
68,2016,252,12,31,53,0,0,0.6,7.57,0,0,f9,f0,18,4,4,0,1,0
68,2016,252,12,31,54,0,0,0.57,7.48,0,0,f9,f0,18,4,4,0,1,0
68,2016,252,12,31,55,0,0,0.51,7.39,0,0,f9,f0,18,4,4,0,1,0
68,2016,252,12,31,56,0,0,0.46,7.31,0,0,f9,f0,18,4,4,0,1,0
68,2016,252,12,31,57,0,0,0.41,7.23,0,0,f9,f0,18,4,4,0,1,0
68,2016,252,12,31,58,0,0,0.38,7.17,0,0,f9,f0,18,4,4,0,1,0
68,2016,252,12,31,59,0,0,0.32,7.1,0,0,f9,f0,18,4,4,0,1,0
68,2016,252,12,32,0,0,0,0.26,7.03,0,0,f9,f0,18,4,4,0,1,0
68,2016,252,12,32,1,0,0,0.22,6.95,0,0,f9,f0,18,4,4,0,1,0
68,2016,252,12,32,2,0,0,0.18,6.86,0,0,f9,f0,18,4,4,0,1,0
69,2016,252,12,32,3,0,0,0.12,6.76,0,0,f9,f0,18,4,4,0,1,0
69,2016,252,12,32,4,0,0,0.08,6.67,0,0,f9,f0,18,4,4,0,1,0
69,2016,252,12,32,5,0,0,0.04,6.57,0,0,f9,f0,18,4,4,0,1,0
69,2016,252,12,32,6,0,0,359.99,6.49,0,0,f9,f0,18,4,4,0,1,0
69,2016,252,12,32,7,0,0,359.94,6.43,0,0,f9,f0,18,4,4,0,1,0
69,2016,252,12,32,8,0,0,359.91,6.36,0,0,f9,f0,18,4,4,0,1,0
69,2016,252,12,32,9,0,0,359.87,6.29,0,0,f9,f0,18,4,4,0,1,0
69,2016,252,12,32,10,0,0,359.83,6.21,0,0,f9,f0,18,4,4,0,1,0
69,2016,252,12,32,11,0,0,359.78,6.14,0,0,f9,f0,18,4,4,0,1,0
69,2016,252,12,32,12,0,0,359.73,6.04,0,0,f9,f0,18,4,4,0,1,0
70,2016,252,12,32,13,0,0,359.71,5.97,0,0,f9,f0,18,4,4,0,1,0
70,2016,252,12,32,14,0,0,359.66,5.89,0,0,f9,f0,18,4,4,0,1,0
70,2016,252,12,32,15,0,0,359.61,5.83,0,0,f9,f0,18,4,4,0,1,0
70,2016,252,12,32,16,0,0,359.57,5.76,0,0,f9,f0,18,4,4,0,1,0
70,2016,252,12,32,17,0,0,359.54,5.7,0,0,f9,f0,18,4,4,0,1,0
70,2016,252,12,32,18,0,0,359.51,5.63,0,0,f9,f0,18,4,4,0,1,0
70,2016,252,12,32,19,0,0,359.46,5.55,0,0,f9,f0,18,4,4,0,1,0
70,2016,252,12,32,20,0,0,359.42,5.48,0,0,f9,f0,18,4,4,0,1,0
70,2016,252,12,32,21,0,0,359.38,5.39,0,0,f9,f0,18,4,4,0,1,0
70,2016,252,12,32,22,0,0,359.33,5.32,0,0,f9,f0,18,4,4,0,1,0
71,2016,252,12,32,23,0,0,359.29,5.26,0,0,f9,f0,18,4,4,0,1,0
71,2016,252,12,32,24,0,0,359.24,5.19,0,0,f9,f0,18,4,4,0,1,0
71,2016,252,12,32,25,0,0,359.21,5.1,0,3,f9,f0,18,4,4,0,1,0
71,2016,252,12,32,26,0,0,359.16,4.84,0,3,f9,f0,18,4,4,0,1,0
71,2016,252,12,32,27,0,0,359.13,4.78,0,3,f9,f0,18,4,4,0,1,0
71,2016,252,12,32,28,0,0,359.09,4.72,0,3,f9,f0,18,4,4,0,1,0
71,2016,252,12,32,29,0,0,359.04,4.64,0,3,f9,f0,18,4,4,0,1,0
71,2016,252,12,32,30,0,0,359.01,4.56,0,3,f9,f0,18,4,4,0,1,0
71,2016,252,12,32,31,0,0,358.97,4.48,0,3,f9,f0,18,4,4,0,1,0
71,2016,252,12,32,32,0,0,358.94,4.41,0,3,f9,f0,18,4,4,0,1,0
72,2016,252,12,32,33,0,0,358.9,4.33,0,3,f9,f0,18,4,4,0,1,0
72,2016,252,12,32,34,0,0,358.87,4.26,0,3,f9,f0,18,4,4,0,1,0
72,2016,252,12,32,35,0,0,358.85,4.22,0,3,f9,f0,18,4,4,0,1,0
72,2016,252,12,32,36,0,0,358.84,4.12,0,3,f9,f0,18,4,4,0,1,0
72,2016,252,12,32,37,0,0,358.76,4.02,0,3,f9,f0,18,4,4,0,1,0
72,2016,252,12,32,38,0,0,358.71,3.94,0,3,f9,f0,18,4,4,0,1,0
72,2016,252,12,32,39,0,0,358.68,3.87,0,3,f9,f0,18,4,4,0,1,0
72,2016,252,12,32,40,0,0,358.65,3.8,0,3,f9,f0,18,4,4,0,1,0
72,2016,252,12,32,41,0,0,358.62,3.73,0,3,f9,f0,18,4,4,0,1,0
72,2016,252,12,32,42,0,0,358.59,3.65,0,3,f9,f0,18,4,4,0,1,0
73,2016,252,12,32,43,0,0,358.55,3.58,0,3,f9,f0,18,4,4,0,1,0
73,2016,252,12,32,44,0,0,358.51,3.51,0,3,f9,f0,18,4,4,0,1,0
73,2016,252,12,32,45,0,0,358.48,3.43,0,3,f9,f0,18,4,4,0,1,0
73,2016,252,12,32,46,0,0,358.45,3.37,0,3,f9,f0,18,4,4,0,1,0
73,2016,252,12,32,47,0,0,358.41,3.3,0,3,f9,f0,18,4,4,0,1,0
73,2016,252,12,32,48,0,0,358.38,3.23,0,3,f9,f0,18,4,4,0,1,0
73,2016,252,12,32,49,0,0,358.34,3.15,0,3,f9,f0,18,4,4,0,1,0
73,2016,252,12,32,50,0,0,358.31,3.08,0,3,f9,f0,18,4,4,0,1,0
73,2016,252,12,32,51,0,0,358.27,3,0,3,f9,f0,18,4,4,0,1,0
73,2016,252,12,32,52,0,0,358.24,2.93,0,3,f9,f0,18,4,4,0,1,0
74,2016,252,12,32,53,0,0,358.21,2.86,0,3,f9,f0,18,4,4,0e4a,1,0
74,2016,252,12,32,54,0,0,358.18,2.8,0,3,f9,f0,18,4,4,0e4a,1,0
74,2016,252,12,32,55,0,0,358.15,2.72,0,3,f9,f0,18,4,4,0e4a,1,0
74,2016,252,12,32,56,0,0,358.12,2.65,0,3,f9,f0,18,4,4,0e4a,1,0
74,2016,252,12,32,57,0,0,358.08,2.58,0,3,f9,f0,18,4,4,0e4a,1,0
74,2016,252,12,32,58,0,0,358.06,2.52,0,3,f9,f0,18,4,4,0e4a,1,0
74,2016,252,12,32,59,0,0,358.02,2.44,0,3,f9,f0,18,4,4,0e4a,1,0
74,2016,252,12,33,0,0,0,357.99,2.37,0,3,f9,f0,18,4,4,0e4a,1,0
74,2016,252,12,33,1,0,0,357.96,2.3,0,3,f9,f0,18,4,4,0e4a,1,0
74,2016,252,12,33,2,0,0,357.93,2.23,0,3,f9,f0,18,4,4,0e4a,1,0
75,2016,252,12,33,3,0,0,357.9,2.17,0,3,f9,f0,18,4,4,0e4b,1,0
75,2016,252,12,33,4,0,0,357.87,2.1,0,3,f9,f0,18,4,4,0e4b,1,0
75,2016,252,12,33,5,0,0,357.83,2.03,0,3,f9,f0,18,4,4,0e4b,1,0
75,2016,252,12,33,6,0,0,357.81,1.96,0,3,f9,f0,18,4,4,0e4b,1,0
75,2016,252,12,33,7,0,0,357.78,1.89,0,3,f9,f0,18,4,4,0e4b,1,0
75,2016,252,12,33,8,0,0,357.75,1.83,0,3,f9,f0,18,4,4,0e4b,1,0
75,2016,252,12,33,9,0,0,357.72,1.76,0,3,f9,f0,18,4,4,0e4b,1,0
75,2016,252,12,33,10,0,0,357.69,1.69,0,3,f9,f0,18,4,4,0e4b,1,0
75,2016,252,12,33,11,0,0,357.66,1.67,0,3,f9,f0,18,4,4,0e4b,1,0
75,2016,252,12,33,12,0,0,357.63,1.66,0,3,f9,f0,18,4,4,0e4b,1,0
76,2016,252,12,33,13,0,0,357.61,1.65,0,3,f9,f0,18,4,4,0e4c,1,0
76,2016,252,12,33,14,0,0,357.58,1.64,0,3,f9,f0,18,4,4,0e4c,1,0
76,2016,252,12,33,15,0,0,357.55,1.62,0,3,f9,f0,18,4,4,0e4c,1,0
76,2016,252,12,33,16,0,0,357.52,1.6,0,3,f9,f0,18,4,4,0e4c,1,0
76,2016,252,12,33,17,0,0,357.49,1.59,0,3,f9,f0,18,4,4,0e4c,1,0
76,2016,252,12,33,18,0,0,357.47,1.59,0,3,f9,f0,18,4,4,0e4c,1,0
76,2016,252,12,33,19,0,0,357.43,1.57,0,3,f9,f0,18,4,4,0e4c,1,0
76,2016,252,12,33,20,0,0,357.41,1.54,0,3,f9,f0,18,4,4,0e4c,1,0
76,2016,252,12,33,21,0,0,357.38,1.54,0,3,f9,f0,18,4,4,0e4c,1,0
76,2016,252,12,33,22,0,0,357.35,1.54,0,3,f9,f0,18,4,4,0e4c,1,0
77,2016,252,12,33,23,0,0,357.33,1.54,0,3,f9,f0,18,4,4,0e4d,1,0
77,2016,252,12,33,24,0,0,357.3,1.54,0,3,f9,f0,18,4,4,0e4d,1,0
77,2016,252,12,33,25,0,0,357.27,1.53,0,3,f9,f0,18,4,4,0e4d,1,0
77,2016,252,12,33,26,0,0,357.25,1.55,0,3,f9,f0,18,4,4,0e4d,1,0
77,2016,252,12,33,27,0,0,357.22,1.56,0,3,f9,f0,18,4,4,0e4d,1,0
77,2016,252,12,33,28,0,0,357.2,1.56,0,3,f9,f0,18,4,4,0e4d,1,0
77,2016,252,12,33,29,0,0,357.17,1.56,0,3,f9,f0,18,4,4,0e4d,1,0
77,2016,252,12,33,30,0,0,357.14,1.56,0,3,f9,f0,18,4,4,0e4d,1,0
77,2016,252,12,33,31,0,0,357.13,1.56,0,5,f9,f0,18,4,4,0e4d,1,0
77,2016,252,12,33,32,0,0,357.13,1.56,0,5,f9,f0,18,4,4,0e4d,1,0
