BkNo,Year,Day,hh,mm,ss,mss,RANGE,Azimuth,Elev,range rate,Az rate,El rate
2016,2016,240,17,7,40,751,2749.043477,161.38,5.98,-6.60881762,0,0.07
2016,2016,240,17,7,41,751,2742.435302,161.38,6.05,-6.60782355,0,0.05
2016,2016,240,17,7,42,751,2735.827576,161.38,6.1,-6.60677432,0,0.06
2016,2016,240,17,7,43,751,2729.221799,161.38,6.16,-6.60573442,0,0.07
2016,2016,240,17,7,44,751,2722.616622,161.38,6.23,-6.60466388,0,0.08
2016,2016,240,17,7,45,751,2716.012194,161.38,6.31,-6.60357928,-0.05,0.06
2016,2016,240,17,7,46,751,2709.408966,161.33,6.37,-6.60247849,-0.03,0.07
2016,2016,240,17,7,47,751,2702.806786,161.3,6.44,-6.60138816,-0.01,0.07
2016,2016,240,17,7,48,751,2696.206256,161.29,6.51,-6.60025932,-0.04,0.09
2016,2016,240,17,7,49,751,2689.606475,161.25,6.6,-6.5991091,-0.01,0.07
2016,2016,240,17,7,50,751,2683.007143,161.24,6.67,-6.59794016,0,0.09
2016,2016,240,17,7,51,751,2676.41036,161.24,6.76,-6.59676656,0,0.07
2016,2016,240,17,7,52,751,2669.813727,161.24,6.83,-6.59559349,-0.03,0.07
2016,2016,240,17,7,53,751,2663.218443,161.21,6.9,-6.59437565,-0.02,0.08
2016,2016,240,17,7,54,751,2656.625107,161.19,6.98,-6.59312964,0,0.07
2016,2016,240,17,7,55,751,2650.032221,161.19,7.05,-6.59190454,-0.01,0.08
2016,2016,240,17,7,56,751,2643.440984,161.18,7.13,-6.5906466,0,0.07
2016,2016,240,17,7,57,751,2636.849747,161.18,7.2,-6.58937513,-0.06,0.08
2016,2016,240,17,7,58,751,2630.261658,161.12,7.28,-6.58807609,-0.02,0.07
2016,2016,240,17,7,59,751,2623.675218,161.1,7.35,-6.58675366,-0.01,0.08
2016,2016,240,17,8,0,751,2617.089227,161.09,7.43,-6.58544103,-0.03,0.08
2016,2016,240,17,8,1,751,2610.504286,161.06,7.51,-6.58411701,-0.02,0.07
2016,2016,240,17,8,2,751,2603.920244,161.04,7.58,-6.58273835,0,0.09
2016,2016,240,17,8,3,751,2597.337401,161.04,7.67,-6.58135551,0,0.08
2016,2016,240,17,8,4,751,2590.756357,161.04,7.75,-6.5799576,-0.02,0.08
2016,2016,240,17,8,5,751,2584.177711,161.02,7.83,-6.57854251,-0.04,0.07
2016,2016,240,17,8,6,751,2577.600415,160.98,7.9,-6.57709198,-0.01,0.07
2016,2016,240,17,8,7,751,2571.023868,160.97,7.97,-6.57564724,-0.02,0.07
2016,2016,240,17,8,8,751,2564.44792,160.95,8.04,-6.57420557,-0.02,0.08
2016,2016,240,17,8,9,751,2557.874221,160.93,8.12,-6.57268742,-0.03,0.09
2016,2016,240,17,8,10,751,2551.30262,160.9,8.21,-6.57118539,0,0.08
2016,2016,240,17,8,11,751,2544.732069,160.9,8.29,-6.56965632,-0.01,0.09
2016,2016,240,17,8,12,751,2538.163017,160.89,8.38,-6.56810906,-0.04,0.09
2016,2016,240,17,8,13,751,2531.596063,160.85,8.47,-6.56655707,-0.02,0.08
2016,2016,240,17,8,14,751,2525.030158,160.83,8.55,-6.56497849,0,0.08
2016,2016,240,17,8,15,751,2518.465303,160.83,8.63,-6.56336775,0,0.08
2016,2016,240,17,8,16,751,2511.903296,160.83,8.71,-6.56175747,0,0.08
2016,2016,240,17,8,17,751,2505.342488,160.83,8.79,-6.56007897,-0.06,0.08
2016,2016,240,17,8,18,751,2498.783179,160.77,8.87,-6.55842552,-0.02,0.08
2016,2016,240,17,8,19,751,2492.224469,160.75,8.95,-6.55675382,-0.03,0.09
2016,2016,240,17,8,20,751,2485.669657,160.72,9.04,-6.55502908,-0.03,0.09
2016,2016,240,17,8,21,751,2479.114995,160.69,9.13,-6.55330635,0,0.08
2016,2016,240,17,8,22,751,2472.563181,160.69,9.21,-6.55154831,0,0.08
2016,2016,240,17,8,23,751,2466.011816,160.69,9.29,-6.54978348,-0.02,0.08
2016,2016,240,17,8,24,751,2459.4624,160.67,9.37,-6.54797748,-0.06,0.08
2016,2016,240,17,8,25,751,2452.915083,160.61,9.45,-6.54617827,0,0.07
2016,2016,240,17,8,26,751,2446.369864,160.61,9.52,-6.54434994,0,0.08
2016,2016,240,17,8,27,751,2439.826743,160.61,9.6,-6.54248205,-0.05,0.08
2016,2016,240,17,8,28,751,2433.285422,160.56,9.68,-6.54058765,-0.02,0.09
2016,2016,240,17,8,29,751,2426.746049,160.54,9.77,-6.53867805,-0.01,0.1
2016,2016,240,17,8,30,751,2420.208475,160.53,9.87,-6.53677166,-0.01,0.1
2016,2016,240,17,8,31,751,2413.6718,160.52,9.97,-6.53482469,-0.04,0.08
2016,2016,240,17,8,32,751,2407.138423,160.48,10.05,-6.53284594,0,0.1
2016,2016,240,17,8,33,751,2400.606395,160.48,10.15,-6.53083802,-0.03,0.07
2016,2016,240,17,8,34,751,2394.075866,160.45,10.22,-6.52882437,-0.04,0.09
2016,2016,240,17,8,35,751,2387.548185,160.41,10.31,-6.52677694,-0.01,0.07
2016,2016,240,17,8,36,751,2381.022603,160.4,10.38,-6.52470194,-0.02,0.08
2016,2016,240,17,8,37,751,2374.49807,160.38,10.46,-6.52261021,-0.04,0.09
2016,2016,240,17,8,38,751,2367.977734,160.34,10.55,-6.52049976,-0.01,0.09
2016,2016,240,17,8,39,751,2361.458147,160.33,10.64,-6.51834095,0,0.09
2016,2016,240,17,8,40,751,2354.940659,160.33,10.73,-6.51618474,0,0.08
2016,2016,240,17,8,41,751,2348.42497,160.33,10.81,-6.51398742,-0.05,0.1
2016,2016,240,17,8,42,751,2341.912878,160.28,10.91,-6.51176039,-0.02,0.09
2016,2016,240,17,8,43,751,2335.401985,160.26,11,-6.50951411,-0.03,0.09
2016,2016,240,17,8,44,751,2328.893641,160.23,11.09,-6.50725118,-0.03,0.09
2016,2016,240,17,8,45,751,2322.387545,160.2,11.18,-6.50494767,-0.02,0.1
2016,2016,240,17,8,46,751,2315.883847,160.18,11.28,-6.50262392,-0.03,0.09
2016,2016,240,17,8,47,751,2309.381949,160.15,11.37,-6.50025846,0,0.09
2016,2016,240,17,8,48,751,2302.883048,160.15,11.46,-6.4978878,-0.02,0.09
2016,2016,240,17,8,49,751,2296.385945,160.13,11.55,-6.49548277,-0.04,0.09
2016,2016,240,17,8,50,751,2289.891392,160.09,11.64,-6.49303617,0,0.1
2016,2016,240,17,8,51,751,2283.399836,160.09,11.74,-6.4905869,-0.04,0.08
2016,2016,240,17,8,52,751,2276.910978,160.05,11.82,-6.48808561,-0.03,0.09
2016,2016,240,17,8,53,751,2270.423769,160.02,11.91,-6.48554528,-0.02,0.11
2016,2016,240,17,8,54,751,2263.939108,160,12.02,-6.48301854,-0.01,0.09
2016,2016,240,17,8,55,751,2257.456546,159.99,12.11,-6.48042358,-0.04,0.09
2016,2016,240,17,8,56,751,2250.978181,159.95,12.2,-6.47782389,-0.01,0.1
2016,2016,240,17,8,57,751,2244.501614,159.94,12.3,-6.47518363,-0.01,0.1
2016,2016,240,17,8,58,751,2238.027746,159.93,12.4,-6.472507,-0.05,0.09
2016,2016,240,17,8,59,751,2231.556726,159.88,12.49,-6.4697928,-0.02,0.09
2016,2016,240,17,9,0,751,2225.088104,159.86,12.58,-6.46708699,-0.03,0.1
2016,2016,240,17,9,1,751,2218.62203,159.83,12.68,-6.46431043,-0.02,0.09
2016,2016,240,17,9,2,751,2212.158355,159.81,12.77,-6.46151815,-0.01,0.1
2016,2016,240,17,9,3,751,2205.698577,159.8,12.87,-6.4586833,-0.04,0.1
2016,2016,240,17,9,4,751,2199.241647,159.76,12.97,-6.4558328,-0.03,0.09
2016,2016,240,17,9,5,751,2192.787265,159.73,13.06,-6.45295571,-0.01,0.11
2016,2016,240,17,9,6,751,2186.335432,159.72,13.17,-6.45002094,-0.04,0.09
2016,2016,240,17,9,7,751,2179.886746,159.68,13.26,-6.44706005,-0.03,0.1
2016,2016,240,17,9,8,751,2173.440759,159.65,13.36,-6.4440867,-0.01,0.1
2016,2016,240,17,9,9,751,2166.998069,159.64,13.46,-6.4410468,-0.04,0.1
2016,2016,240,17,9,10,751,2160.558677,159.6,13.56,-6.43798239,-0.01,0.1
2016,2016,240,17,9,11,751,2154.121683,159.59,13.66,-6.43489972,-0.03,0.1
2016,2016,240,17,9,12,751,2147.688886,159.56,13.76,-6.43175364,-0.05,0.1
2016,2016,240,17,9,13,751,2141.258788,159.51,13.86,-6.42859289,-0.01,0.1
2016,2016,240,17,9,14,751,2134.831387,159.5,13.96,-6.42538379,-0.04,0.1
2016,2016,240,17,9,15,751,2128.407734,159.46,14.06,-6.42216169,-0.01,0.1
2016,2016,240,17,9,16,751,2121.987229,159.45,14.16,-6.4188813,-0.03,0.11
2016,2016,240,17,9,17,751,2115.569872,159.42,14.27,-6.41555768,-0.03,0.1
2016,2016,240,17,9,18,751,2109.155812,159.39,14.37,-6.41222473,-0.02,0.1
2016,2016,240,17,9,19,751,2102.746399,159.37,14.47,-6.40882623,-0.05,0.12
2016,2016,240,17,9,20,751,2096.338635,159.32,14.59,-6.40539954,-0.02,0.11
2016,2016,240,17,9,21,751,2089.934619,159.3,14.7,-6.40192397,-0.02,0.1
2016,2016,240,17,9,22,751,2083.5339,159.28,14.8,-6.39844785,-0.03,0.11
2016,2016,240,17,9,23,751,2077.137528,159.25,14.91,-6.39487448,-0.01,0.11
2016,2016,240,17,9,24,751,2070.744304,159.24,15.02,-6.39130577,-0.06,0.11
2016,2016,240,17,9,25,751,2064.354977,159.18,15.13,-6.38768237,-0.02,0.11
2016,2016,240,17,9,26,751,2057.969698,159.16,15.24,-6.38402672,-0.04,0.11
2016,2016,240,17,9,27,751,2051.588016,159.12,15.35,-6.38031072,-0.02,0.11
2016,2016,240,17,9,28,751,2045.209331,159.1,15.46,-6.37656241,-0.04,0.1
2016,2016,240,17,9,29,751,2038.834095,159.06,15.56,-6.37274907,-0.02,0.11
2016,2016,240,17,9,30,751,2032.463055,159.04,15.67,-6.36893834,-0.03,0.1
2016,2016,240,17,9,31,751,2026.096213,159.01,15.77,-6.36505313,-0.04,0.11
2016,2016,240,17,9,32,751,2019.732968,158.97,15.88,-6.36112635,-0.02,0.11
2016,2016,240,17,9,33,751,2013.373771,158.95,15.99,-6.35714441,-0.03,0.11
2016,2016,240,17,9,34,751,2007.01877,158.92,16.1,-6.3531546,-0.03,0.11
2016,2016,240,17,9,35,751,2000.667517,158.89,16.21,-6.34909719,-0.03,0.12
2016,2016,240,17,9,36,751,1994.32151,158.86,16.33,-6.34498667,-0.03,0.11
2016,2016,240,17,9,37,751,1987.978352,158.83,16.44,-6.34081993,-0.04,0.1
2016,2016,240,17,9,38,751,1981.63909,158.79,16.54,-6.33663234,-0.04,0.11
2016,2016,240,17,9,39,751,1975.304775,158.75,16.65,-6.33238393,-0.02,0.11
2016,2016,240,17,9,40,751,1968.974508,158.73,16.76,-6.32809954,-0.02,0.11
2016,2016,240,17,9,41,751,1962.649037,158.71,16.87,-6.32376006,-0.03,0.12
2016,2016,240,17,9,42,751,1956.327163,158.68,16.99,-6.3193555,-0.04,0.11
2016,2016,240,17,9,43,751,1950.010236,158.64,17.1,-6.31490977,-0.03,0.13
2016,2016,240,17,9,44,751,1943.697057,158.61,17.23,-6.31043545,-0.04,0.13
2016,2016,240,17,9,45,751,1937.389573,158.57,17.36,-6.30586228,-0.02,0.11
2016,2016,240,17,9,46,751,1931.086137,158.55,17.47,-6.30128177,-0.04,0.12
2016,2016,240,17,9,47,751,1924.787048,158.51,17.59,-6.29663625,-0.03,0.12
2016,2016,240,17,9,48,751,1918.491706,158.48,17.71,-6.29192977,-0.04,0.12
2016,2016,240,17,9,49,751,1912.20236,158.44,17.83,-6.28718433,-0.03,0.12
2016,2016,240,17,9,50,751,1905.918261,158.41,17.95,-6.28237066,-0.04,0.12
2016,2016,240,17,9,51,751,1899.638958,158.37,18.07,-6.27749977,-0.01,0.12
2016,2016,240,17,9,52,751,1893.363402,158.36,18.19,-6.27258151,-0.06,0.12
2016,2016,240,17,9,53,751,1887.093093,158.3,18.31,-6.26760337,-0.03,0.13
2016,2016,240,17,9,54,751,1880.82788,158.27,18.44,-6.26258725,-0.05,0.11
2016,2016,240,17,9,55,751,1874.567614,158.22,18.55,-6.25748426,-0.03,0.12
2016,2016,240,17,9,56,751,1868.313644,158.19,18.67,-6.25233751,-0.02,0.11
2016,2016,240,17,9,57,751,1862.063571,158.17,18.78,-6.24710748,-0.05,0.12
2016,2016,240,17,9,58,751,1855.819044,158.12,18.9,-6.24186393,-0.05,0.12
2016,2016,240,17,9,59,751,1849.580063,158.07,19.02,-6.23654077,-0.04,0.13
2016,2016,240,17,10,0,751,1843.346178,158.03,19.15,-6.23114007,-0.01,0.13
2016,2016,240,17,10,1,751,1837.11784,158.02,19.28,-6.22567528,-0.05,0.12
2016,2016,240,17,10,2,751,1830.895048,157.97,19.4,-6.22016212,-0.04,0.14
2016,2016,240,17,10,3,751,1824.677802,157.93,19.54,-6.21459907,-0.04,0.13
2016,2016,240,17,10,4,751,1818.465653,157.89,19.67,-6.20893496,-0.04,0.13
2016,2016,240,17,10,5,751,1812.260099,157.85,19.8,-6.20323135,-0.02,0.13
2016,2016,240,17,10,6,751,1806.059491,157.83,19.93,-6.19746478,-0.04,0.13
2016,2016,240,17,10,7,751,1799.86503,157.79,20.06,-6.19162839,-0.05,0.13
2016,2016,240,17,10,8,751,1793.676714,157.74,20.19,-6.18570933,-0.05,0.14
2016,2016,240,17,10,9,751,1787.494094,157.69,20.33,-6.17973192,-0.04,0.13
2016,2016,240,17,10,10,751,1781.31702,157.65,20.46,-6.17368375,-0.03,0.14
2016,2016,240,17,10,11,751,1775.146992,157.62,20.6,-6.16754399,-0.05,0.13
2016,2016,240,17,10,12,751,1768.982659,157.57,20.73,-6.16137092,-0.05,0.14
2016,2016,240,17,10,13,751,1762.824023,157.52,20.87,-6.15512184,-0.03,0.14
2016,2016,240,17,10,14,751,1756.671982,157.49,21.01,-6.14877336,-0.04,0.13
2016,2016,240,17,10,15,751,1750.526536,157.45,21.14,-6.14237652,-0.04,0.14
2016,2016,240,17,10,16,751,1744.387686,157.41,21.28,-6.13589587,-0.06,0.13
2016,2016,240,17,10,17,751,1738.255281,157.35,21.41,-6.12932568,-0.04,0.13
2016,2016,240,17,10,18,751,1732.129172,157.31,21.54,-6.12269248,-0.03,0.13
2016,2016,240,17,10,19,751,1726.009959,157.28,21.67,-6.11597088,-0.05,0.14
2016,2016,240,17,10,20,751,1719.89779,157.23,21.81,-6.10918678,-0.06,0.14
2016,2016,240,17,10,21,751,1713.791767,157.17,21.95,-6.10233141,-0.05,0.14
2016,2016,240,17,10,22,751,1707.692489,157.12,22.09,-6.09537397,-0.03,0.15
2016,2016,240,17,10,23,751,1701.601007,157.09,22.24,-6.08832394,-0.04,0.13
2016,2016,240,17,10,24,751,1695.516719,157.05,22.37,-6.08120782,-0.06,0.15
2016,2016,240,17,10,25,751,1689.439176,156.99,22.52,-6.07399225,-0.05,0.15
2016,2016,240,17,10,26,751,1683.368978,156.94,22.67,-6.06672257,-0.04,0.15
2016,2016,240,17,10,27,751,1677.305976,156.9,22.82,-6.05935977,-0.05,0.14
2016,2016,240,17,10,28,751,1671.250318,156.85,22.96,-6.05188398,-0.05,0.15
2016,2016,240,17,10,29,751,1665.202605,156.8,23.11,-6.04432598,-0.05,0.15
2016,2016,240,17,10,30,751,1659.162236,156.75,23.26,-6.03669977,-0.04,0.15
2016,2016,240,17,10,31,751,1653.128763,156.71,23.41,-6.02898149,-0.06,0.16
2016,2016,240,17,10,32,751,1647.103834,156.65,23.57,-6.02115389,-0.06,0.15
2016,2016,240,17,10,33,751,1641.08685,156.59,23.72,-6.0132165,-0.04,0.15
2016,2016,240,17,10,34,751,1635.07766,156.55,23.87,-6.00521663,-0.05,0.14
2016,2016,240,17,10,35,751,1629.076864,156.5,24.01,-5.99712302,-0.06,0.16
2016,2016,240,17,10,36,751,1623.084163,156.44,24.17,-5.9889181,-0.05,0.14
2016,2016,240,17,10,37,751,1617.099106,156.39,24.31,-5.98061118,-0.04,0.16
2016,2016,240,17,10,38,751,1611.122743,156.35,24.47,-5.97222719,-0.07,0.16
2016,2016,240,17,10,39,751,1605.155075,156.28,24.63,-5.96373294,-0.06,0.16
2016,2016,240,17,10,40,751,1599.1958,156.22,24.79,-5.95511738,-0.05,0.16
2016,2016,240,17,10,41,751,1593.24507,156.17,24.95,-5.94642421,-0.06,0.15
2016,2016,240,17,10,42,751,1587.302584,156.11,25.1,-5.9376052,-0.06,0.17
2016,2016,240,17,10,43,751,1581.369841,156.05,25.27,-5.92868459,-0.04,0.16
2016,2016,240,17,10,44,751,1575.446242,156.01,25.43,-5.91966413,-0.06,0.16
2016,2016,240,17,10,45,751,1569.531037,155.95,25.59,-5.91052235,-0.07,0.17
2016,2016,240,17,10,46,751,1563.625275,155.88,25.76,-5.90128225,-0.05,0.16
2016,2016,240,17,10,47,751,1557.728807,155.83,25.92,-5.89193755,-0.06,0.16
2016,2016,240,17,10,48,751,1551.841783,155.77,26.08,-5.88245023,-0.07,0.17
2016,2016,240,17,10,49,751,1545.964052,155.7,26.25,-5.87287283,-0.05,0.17
2016,2016,240,17,10,50,751,1540.096364,155.65,26.42,-5.86316533,-0.05,0.16
2016,2016,240,17,10,51,751,1534.23797,155.6,26.58,-5.85334751,-0.07,0.17
2016,2016,240,17,10,52,751,1528.389918,155.53,26.75,-5.84341624,-0.05,0.17
2016,2016,240,17,10,53,751,1522.55176,155.48,26.92,-5.83334081,-0.07,0.17
2016,2016,240,17,10,54,751,1516.723644,155.41,27.09,-5.82317531,-0.07,0.17
2016,2016,240,17,10,55,751,1510.906022,155.34,27.26,-5.81286831,-0.05,0.18
2016,2016,240,17,10,56,751,1505.098293,155.29,27.44,-5.80243474,-0.07,0.17
2016,2016,240,17,10,57,751,1499.301506,155.22,27.61,-5.79185814,-0.06,0.17
2016,2016,240,17,10,58,751,1493.514912,155.16,27.78,-5.78116962,-0.06,0.18
2016,2016,240,17,10,59,751,1487.73926,155.1,27.96,-5.77034833,-0.08,0.17
2016,2016,240,17,11,0,751,1481.974701,155.02,28.13,-5.75940685,-0.06,0.19
2016,2016,240,17,11,1,751,1476.221234,154.96,28.32,-5.74828685,-0.07,0.17
2016,2016,240,17,11,2,751,1470.47796,154.89,28.49,-5.73706118,-0.07,0.18
2016,2016,240,17,11,3,751,1464.746827,154.82,28.67,-5.72568822,-0.06,0.18
2016,2016,240,17,11,4,751,1459.026637,154.76,28.85,-5.71418256,-0.08,0.17
2016,2016,240,17,11,5,751,1453.318889,154.68,29.02,-5.70253014,-0.07,0.18
2016,2016,240,17,11,6,751,1447.622232,154.61,29.2,-5.69071743,-0.07,0.19
2016,2016,240,17,11,7,751,1441.937868,154.54,29.39,-5.67878555,-0.08,0.19
2016,2016,240,17,11,8,751,1436.265644,154.46,29.58,-5.66671156,-0.07,0.19
2016,2016,240,17,11,9,751,1430.605413,154.39,29.77,-5.65445851,-0.09,0.2
2016,2016,240,17,11,10,751,1424.957023,154.3,29.97,-5.64207168,-0.07,0.2
2016,2016,240,17,11,11,751,1419.321075,154.23,30.17,-5.62950432,-0.09,0.18
2016,2016,240,17,11,12,751,1413.698018,154.14,30.35,-5.61680159,-0.07,0.19
2016,2016,240,17,11,13,751,1408.088751,154.07,30.54,-5.60394591,-0.08,0.19
2016,2016,240,17,11,14,751,1402.491026,153.99,30.73,-5.59091582,-0.08,0.2
2016,2016,240,17,11,15,751,1396.907092,153.91,30.93,-5.57771764,-0.07,0.19
2016,2016,240,17,11,16,751,1391.336498,153.84,31.12,-5.56436745,-0.09,0.2
2016,2016,240,17,11,17,751,1385.778796,153.75,31.32,-5.55084818,-0.08,0.19
2016,2016,240,17,11,18,751,1380.233984,153.67,31.51,-5.53716129,-0.09,0.2
2016,2016,240,17,11,19,751,1374.704762,153.58,31.71,-5.52328235,-0.08,0.19
2016,2016,240,17,11,20,751,1369.188581,153.5,31.9,-5.50925557,-0.09,0.21
2016,2016,240,17,11,21,751,1363.687089,153.41,32.11,-5.49504353,-0.07,0.21
2016,2016,240,17,11,22,751,1358.199239,153.34,32.32,-5.4806337,-0.1,0.21
2016,2016,240,17,11,23,751,1352.726078,153.24,32.53,-5.4660558,-0.08,0.21
2016,2016,240,17,11,24,751,1347.267906,153.16,32.74,-5.45131707,-0.1,0.21
2016,2016,240,17,11,25,751,1341.824425,153.06,32.95,-5.43637069,-0.08,0.21
2016,2016,240,17,11,26,751,1336.395783,152.98,33.16,-5.42122026,-0.1,0.21
2016,2016,240,17,11,27,751,1330.981831,152.88,33.37,-5.40590589,-0.08,0.21
2016,2016,240,17,11,28,751,1325.584667,152.8,33.58,-5.39037973,-0.11,0.2
2016,2016,240,17,11,29,751,1320.202343,152.69,33.78,-5.37466924,-0.09,0.21
2016,2016,240,17,11,30,751,1314.835459,152.6,33.99,-5.35874023,-0.1,0.22
2016,2016,240,17,11,31,751,1309.485662,152.5,34.21,-5.3426223,-0.09,0.22
2016,2016,240,17,11,32,751,1304.150856,152.41,34.43,-5.32630445,-0.11,0.22
2016,2016,240,17,11,33,751,1298.833587,152.3,34.65,-5.30975556,-0.1,0.22
2016,2016,240,17,11,34,751,1293.531907,152.2,34.87,-5.29301254,-0.1,0.23
2016,2016,240,17,11,35,751,1288.247315,152.1,35.1,-5.27605927,-0.11,0.23
2016,2016,240,17,11,36,751,1282.981011,151.99,35.33,-5.25889309,-0.09,0.23
2016,2016,240,17,11,37,751,1277.731195,151.9,35.56,-5.24150161,-0.12,0.24
2016,2016,240,17,11,38,751,1272.498318,151.78,35.8,-5.22389095,-0.1,0.22
2016,2016,240,17,11,39,751,1267.284028,151.68,36.02,-5.20605758,-0.11,0.23
2016,2016,240,17,11,40,751,1262.087725,151.57,36.25,-5.18798319,-0.13,0.23
2016,2016,240,17,11,41,751,1256.90911,151.44,36.48,-5.16970381,-0.11,0.23
2016,2016,240,17,11,42,751,1251.749232,151.33,36.71,-5.15116568,-0.12,0.22
2016,2016,240,17,11,43,751,1246.608691,151.21,36.93,-5.13241211,-0.12,0.23
2016,2016,240,17,11,44,751,1241.486137,151.09,37.16,-5.11341758,-0.11,0.25
2016,2016,240,17,11,45,751,1236.38292,150.98,37.41,-5.09415763,-0.12,0.24
2016,2016,240,17,11,46,751,1231.29919,150.86,37.65,-5.07467698,-0.13,0.24
2016,2016,240,17,11,47,751,1226.234796,150.73,37.89,-5.05492985,-0.12,0.25
2016,2016,240,17,11,48,751,1221.190188,150.61,38.14,-5.03494543,-0.12,0.25
2016,2016,240,17,11,49,751,1216.166566,150.49,38.39,-5.01470545,-0.13,0.25
2016,2016,240,17,11,50,751,1211.16258,150.36,38.64,-4.99421092,-0.13,0.24
2016,2016,240,17,11,51,751,1206.17898,150.23,38.88,-4.97345465,-0.13,0.24
2016,2016,240,17,11,52,751,1201.216665,150.1,39.12,-4.95242144,-0.13,0.25
2016,2016,240,17,11,53,751,1196.275336,149.97,39.37,-4.93112855,-0.14,0.24
2016,2016,240,17,11,54,751,1191.355742,149.83,39.61,-4.90956086,-0.15,0.26
2016,2016,240,17,11,55,751,1186.457583,149.68,39.87,-4.88772615,-0.13,0.25
2016,2016,240,17,11,56,751,1181.581608,149.55,40.12,-4.86562084,-0.13,0.27
2016,2016,240,17,11,57,751,1176.727519,149.42,40.39,-4.84321361,-0.14,0.25
2016,2016,240,17,11,58,751,1171.896513,149.28,40.64,-4.82053371,-0.15,0.26
2016,2016,240,17,11,59,751,1167.087692,149.13,40.9,-4.79757694,-0.16,0.26
2016,2016,240,17,12,0,751,1162.302255,148.97,41.16,-4.77432712,-0.16,0.26
2016,2016,240,17,12,1,751,1157.540802,148.81,41.42,-4.75075925,-0.16,0.27
2016,2016,240,17,12,2,751,1152.802582,148.65,41.69,-4.72691298,-0.16,0.27
2016,2016,240,17,12,3,751,1148.088645,148.49,41.96,-4.70276325,-0.15,0.27
2016,2016,240,17,12,4,751,1143.397942,148.34,42.23,-4.67830389,-0.17,0.27
2016,2016,240,17,12,5,751,1138.732722,148.17,42.5,-4.65356345,-0.17,0.27
2016,2016,240,17,12,6,751,1134.092235,148,42.77,-4.62847953,-0.15,0.27
2016,2016,240,17,12,7,751,1129.47693,147.85,43.04,-4.60310148,-0.18,0.27
2016,2016,240,17,12,8,751,1124.887257,147.67,43.31,-4.5773826,-0.17,0.28
2016,2016,240,17,12,9,751,1120.323517,147.5,43.59,-4.5513774,-0.18,0.27
2016,2016,240,17,12,10,751,1115.785858,147.32,43.86,-4.52502045,-0.18,0.29
2016,2016,240,17,12,11,751,1111.274881,147.14,44.15,-4.49835171,-0.17,0.27
2016,2016,240,17,12,12,751,1106.790735,146.97,44.42,-4.47134308,-0.2,0.29
2016,2016,240,17,12,13,751,1102.333421,146.77,44.71,-4.44399403,-0.19,0.3
2016,2016,240,17,12,14,751,1097.904137,146.58,45.01,-4.41632547,-0.2,0.29
2016,2016,240,17,12,15,751,1093.502434,146.38,45.3,-4.3882957,-0.19,0.3
2016,2016,240,17,12,16,751,1089.129512,146.19,45.6,-4.3599331,-0.21,0.28
2016,2016,240,17,12,17,751,1084.78462,145.98,45.88,-4.33121215,-0.2,0.29
2016,2016,240,17,12,18,751,1080.468508,145.78,46.17,-4.30216876,-0.2,0.28
2016,2016,240,17,12,19,751,1076.182075,145.58,46.45,-4.27271632,-0.21,0.29
2016,2016,240,17,12,20,751,1071.925022,145.37,46.74,-4.2429617,-0.23,0.3
2016,2016,240,17,12,21,751,1067.697799,145.14,47.04,-4.21283421,-0.23,0.31
2016,2016,240,17,12,22,751,1063.500704,144.91,47.35,-4.18232025,-0.21,0.29
2016,2016,240,17,12,23,751,1059.334788,144.7,47.64,-4.15146121,-0.23,0.31
2016,2016,240,17,12,24,751,1055.199751,144.47,47.95,-4.12022096,-0.23,0.3
2016,2016,240,17,12,25,751,1051.096192,144.24,48.25,-4.08861584,-0.24,0.33
2016,2016,240,17,12,26,751,1047.024261,144,48.58,-4.0566188,-0.23,0.3
2016,2016,240,17,12,27,751,1042.984557,143.77,48.88,-4.02425954,-0.25,0.29
2016,2016,240,17,12,28,751,1038.977531,143.52,49.17,-3.99151042,-0.24,0.3
2016,2016,240,17,12,29,751,1035.003033,143.28,49.47,-3.95838476,-0.26,0.31
2016,2016,240,17,12,30,751,1031.062111,143.02,49.78,-3.92486745,-0.29,0.35
2016,2016,240,17,12,31,751,1027.155066,142.73,50.13,-3.890978,-0.28,0.32
2016,2016,240,17,12,32,751,1023.282197,142.45,50.45,-3.85666644,-0.27,0.33
2016,2016,240,17,12,33,751,1019.443354,142.18,50.78,-3.82196761,-0.28,0.33
2016,2016,240,17,12,34,751,1015.639588,141.9,51.11,-3.78689359,-0.27,0.28
2016,2016,240,17,12,35,751,1011.871346,141.63,51.39,-3.75140212,-0.28,0.32
2016,2016,240,17,12,36,751,1008.13893,141.35,51.71,-3.71551585,-0.33,0.34
2016,2016,240,17,12,37,751,1004.442339,141.02,52.05,-3.67922161,-0.31,0.34
2016,2016,240,17,12,38,751,1000.782173,140.71,52.39,-3.64252105,-0.32,0.32
2016,2016,240,17,12,39,751,997.1585819,140.39,52.71,-3.6054117,-0.32,0.33
2016,2016,240,17,12,40,751,993.5727643,140.07,53.04,-3.56789171,-0.32,0.33
2016,2016,240,17,12,41,751,990.0250203,139.75,53.37,-3.52996186,-0.31,0.31
2016,2016,240,17,12,42,751,986.5150502,139.44,53.68,-3.49164189,-0.34,0.33
2016,2016,240,17,12,43,751,983.0434536,139.1,54.01,-3.45289928,-0.38,0.36
2016,2016,240,17,12,44,751,979.6111297,138.72,54.37,-3.41373196,-0.35,0.34
2016,2016,240,17,12,45,751,976.2185284,138.37,54.71,-3.37415139,-0.37,0.33
2016,2016,240,17,12,46,751,972.8657994,138,55.04,-3.33414691,-0.38,0.34
2016,2016,240,17,12,47,751,969.5532426,137.62,55.38,-3.29373985,-0.38,0.34
2016,2016,240,17,12,48,751,966.2816076,137.24,55.72,-3.25292086,-0.34,0.3
2016,2016,240,17,12,49,751,963.0511939,136.9,56.02,-3.21165938,-0.4,0.33
2016,2016,240,17,12,50,751,959.861702,136.5,56.35,-3.16998366,-0.43,0.38
2016,2016,240,17,12,51,751,956.7137313,136.07,56.73,-3.12789388,-0.43,0.33
2016,2016,240,17,12,52,751,953.6086309,135.64,57.06,-3.08539345,-0.41,0.34
2016,2016,240,17,12,53,751,950.5462509,135.23,57.4,-3.04246784,-0.45,0.34
2016,2016,240,17,12,54,751,947.5267413,134.78,57.74,-2.99912033,-0.4,0.3
2016,2016,240,17,12,55,751,944.5508514,134.38,58.04,-2.95537308,-0.46,0.35
2016,2016,240,17,12,56,751,941.619181,133.92,58.39,-2.91119333,-0.49,0.34
2016,2016,240,17,12,57,751,938.7320297,133.43,58.73,-2.86661592,-0.53,0.37
2016,2016,240,17,12,58,751,935.8892477,132.9,59.1,-2.82159328,-0.51,0.34
2016,2016,240,17,12,59,751,933.0917344,132.39,59.44,-2.77618676,-0.51,0.35
2016,2016,240,17,13,0,751,930.3399395,131.88,59.79,-2.73036519,-0.5,0.32
2016,2016,240,17,13,1,751,927.6337129,131.38,60.11,-2.68412091,-0.55,0.35
2016,2016,240,17,13,2,751,924.974254,130.83,60.46,-2.63749441,-0.57,0.34
2016,2016,240,17,13,3,751,922.361263,130.26,60.8,-2.59044814,-0.58,0.34
2016,2016,240,17,13,4,751,919.7959389,129.68,61.14,-2.54299793,-0.64,0.38
2016,2016,240,17,13,5,751,917.2785816,129.04,61.52,-2.49515266,-0.59,0.32
2016,2016,240,17,13,6,751,914.8093411,128.45,61.84,-2.4469449,-0.63,0.33
2016,2016,240,17,13,7,751,912.3877675,127.82,62.17,-2.39828457,-0.58,0.3
2016,2016,240,17,13,8,751,910.0153599,127.24,62.47,-2.3492826,-0.66,0.34
2016,2016,240,17,13,9,751,907.6925679,126.58,62.81,-2.29987977,-0.67,0.33
2016,2016,240,17,13,10,751,905.4190918,125.91,63.14,-2.25008453,-0.71,0.33
2016,2016,240,17,13,11,751,903.1961307,125.2,63.47,-2.19993226,-0.8,0.36
2016,2016,240,17,13,12,751,901.0235348,124.4,63.83,-2.14940311,-0.73,0.31
2016,2016,240,17,13,13,751,898.9011541,123.67,64.14,-2.09851566,-0.76,0.33
2016,2016,240,17,13,14,751,896.8301878,122.91,64.47,-2.04727538,-0.71,0.28
2016,2016,240,17,13,15,751,894.8103361,122.2,64.75,-1.99565987,-0.81,0.32
2016,2016,240,17,13,16,751,892.8426483,121.39,65.07,-1.94370146,-0.82,0.32
2016,2016,240,17,13,17,751,890.9268246,120.57,65.39,-1.89140706,-0.85,0.3
2016,2016,240,17,13,18,751,889.0634646,119.72,65.69,-1.83876023,-0.96,0.35
2016,2016,240,17,13,19,751,887.2530179,118.76,66.04,-1.7857996,-0.89,0.3
2016,2016,240,17,13,20,751,885.4960842,117.87,66.34,-1.73252211,-0.82,0.27
2016,2016,240,17,13,21,751,883.7920639,117.05,66.61,-1.67890944,-0.95,0.3
2016,2016,240,17,13,22,751,882.1420062,116.1,66.91,-1.62499962,-0.97,0.29
2016,2016,240,17,13,23,751,880.5459111,115.13,67.2,-1.5707852,-1.02,0.29
2016,2016,240,17,13,24,751,879.0043783,114.11,67.49,-1.51628716,-1.04,0.28
2016,2016,240,17,13,25,751,877.5177075,113.07,67.77,-1.46149756,-1.19,0.31
2016,2016,240,17,13,26,751,876.0858987,111.88,68.08,-1.40642262,-1.1,0.27
2016,2016,240,17,13,27,751,874.7095516,110.78,68.35,-1.35107344,-0.99,0.23
2016,2016,240,17,13,28,751,873.3883662,109.79,68.58,-1.29549175,-1.15,0.27
2016,2016,240,17,13,29,751,872.1227923,108.64,68.85,-1.23965154,-1.18,0.25
2016,2016,240,17,13,30,751,870.9134296,107.46,69.1,-1.18357195,-1.31,0.25
2016,2016,240,17,13,31,751,869.7599781,106.15,69.35,-1.12724405,-1.13,0.22
2016,2016,240,17,13,32,751,868.6633373,105.02,69.57,-1.07072179,-1.35,0.24
2016,2016,240,17,13,33,751,867.6232073,103.67,69.81,-1.01397534,-1.3,0.22
2016,2016,240,17,13,34,751,866.640038,102.37,70.03,-0.95702048,-1.17,0.18
2016,2016,240,17,13,35,751,865.7135294,101.2,70.21,-0.89989918,-1.35,0.2
2016,2016,240,17,13,36,751,864.8439814,99.85,70.41,-0.84259418,-1.49,0.2
2016,2016,240,17,13,37,751,864.0322933,98.36,70.61,-0.7850931,-1.44,0.17
2016,2016,240,17,13,38,751,863.2784651,96.92,70.78,-0.72745882,-1.42,0.16
2016,2016,240,17,13,39,751,862.5823471,95.5,70.94,-0.66966224,-1.48,0.15
2016,2016,240,17,13,40,751,861.9440889,94.02,71.09,-0.6117615,-1.34,0.12
2016,2016,240,17,13,41,751,861.3633909,92.68,71.21,-0.55368567,-1.52,0.14
2016,2016,240,17,13,42,751,860.8408527,91.16,71.35,-0.49551827,-1.54,0.12
2016,2016,240,17,13,43,751,860.376624,89.62,71.47,-0.43725479,-1.69,0.11
2016,2016,240,17,13,44,751,859.9704053,87.93,71.58,-0.37890481,-1.58,0.09
2016,2016,240,17,13,45,751,859.6230957,86.35,71.67,-0.32047426,-1.58,0.08
2016,2016,240,17,13,46,751,859.3327467,84.77,71.75,-0.26196735,-1.62,0.07
2016,2016,240,17,13,47,751,859.1019065,83.15,71.82,-0.2034245,-1.44,0.05
2016,2016,240,17,13,48,751,858.9304252,81.71,71.87,-0.14482354,-1.64,0.03
2016,2016,240,17,13,49,751,858.8172536,80.07,71.9,-0.08621396,-1.59,0.03
2016,2016,240,17,13,50,751,858.7625415,78.48,71.93,-0.02756225,-1.77,0.01
2016,2016,240,17,13,51,751,858.7670383,76.71,71.94,0.03108788,-1.63,0
2016,2016,240,17,13,52,751,858.8298449,75.08,71.94,0.08973404,-1.56,0
2016,2016,240,17,13,53,751,858.9512608,73.52,71.94,0.14833771,-1.46,-0.03
2016,2016,240,17,13,54,751,859.1312862,72.06,71.91,0.20694248,-1.58,-0.07
2016,2016,240,17,13,55,751,859.369921,70.48,71.84,0.26550217,-1.61,-0.02
2016,2016,240,17,13,56,751,859.6668654,68.87,71.82,0.32399758,-1.59,-0.04
2016,2016,240,17,13,57,751,860.0224193,67.28,71.78,0.38241781,-1.66,-0.08
2016,2016,240,17,13,58,751,860.4361328,65.62,71.7,0.44077884,-1.55,-0.08
2016,2016,240,17,13,59,751,860.9090555,64.07,71.62,0.49904275,-1.38,-0.09
2016,2016,240,17,14,0,751,861.4395382,62.69,71.53,0.55720456,-1.51,-0.12
2016,2016,240,17,14,1,751,862.0287803,61.18,71.41,0.61525613,-1.5,-0.13
2016,2016,240,17,14,2,751,862.6769316,59.68,71.28,0.67317675,-1.46,-0.15
2016,2016,240,17,14,3,751,863.3820434,58.22,71.13,0.73096102,-1.46,-0.17
2016,2016,240,17,14,4,751,864.1444157,56.76,70.96,0.78859721,-1.56,-0.2
2016,2016,240,17,14,5,751,864.9644979,55.2,70.76,0.84608752,-1.42,-0.19
2016,2016,240,17,14,6,751,865.84259,53.78,70.57,0.90339045,-1.21,-0.19
2016,2016,240,17,14,7,751,866.7770431,52.57,70.38,0.96053805,-1.35,-0.21
2016,2016,240,17,14,8,751,867.7684568,51.22,70.17,1.01749193,-1.3,-0.21
2016,2016,240,17,14,9,751,868.8171308,49.92,69.96,1.07421659,-1.31,-0.24
2016,2016,240,17,14,10,751,869.9223157,48.61,69.72,1.13075386,-1.23,-0.23
2016,2016,240,17,14,11,751,871.0844612,47.38,69.49,1.18706138,-1.3,-0.26
2016,2016,240,17,14,12,751,872.302368,46.08,69.23,1.24313995,-1.18,-0.26
2016,2016,240,17,14,13,751,873.5760363,44.9,68.97,1.29897537,-1.01,-0.22
2016,2016,240,17,14,14,751,874.905316,43.89,68.75,1.3545819,-1.11,-0.27
2016,2016,240,17,14,15,751,876.2900574,42.78,68.48,1.4099221,-1.08,-0.26
2016,2016,240,17,14,16,751,877.7305602,41.7,68.22,1.46498125,-1.06,-0.28
2016,2016,240,17,14,17,751,879.2253254,40.64,67.94,1.51977486,-1.04,-0.28
2016,2016,240,17,14,18,751,880.7749526,39.6,67.66,1.57425577,-1.09,-0.32
2016,2016,240,17,14,19,751,882.3786923,38.51,67.34,1.62847222,-1.01,-0.29
2016,2016,240,17,14,20,751,884.0362448,37.5,67.05,1.68238276,-0.86,-0.26
2016,2016,240,17,14,21,751,885.7476101,36.64,66.79,1.73596581,-0.92,-0.3
2016,2016,240,17,14,22,751,887.5126382,35.72,66.49,1.78927366,-0.91,-0.3
2016,2016,240,17,14,23,751,889.3307295,34.81,66.19,1.84222072,-0.86,-0.3
2016,2016,240,17,14,24,751,891.2014345,33.95,65.89,1.89485827,-0.85,-0.3
2016,2016,240,17,14,25,751,893.124753,33.1,65.59,1.9471632,-0.9,-0.35
2016,2016,240,17,14,26,751,895.1005352,32.2,65.24,1.99910605,-0.72,-0.28
2016,2016,240,17,14,27,751,897.1278817,31.48,64.96,2.0506967,-0.79,-0.33
2016,2016,240,17,14,28,751,899.2061929,30.69,64.63,2.10196785,-0.76,-0.32
2016,2016,240,17,14,29,751,901.3360684,29.93,64.31,2.15285162,-0.74,-0.33
2016,2016,240,17,14,30,751,903.5166089,29.19,63.98,2.20336558,-0.73,-0.33
2016,2016,240,17,14,31,751,905.7478142,28.46,63.65,2.253529,-0.69,-0.34
2016,2016,240,17,14,32,751,908.0284853,27.77,63.31,2.30332415,-0.77,-0.36
2016,2016,240,17,14,33,751,910.3581725,27,62.95,2.35271186,-0.6,-0.3
2016,2016,240,17,14,34,751,912.7371756,26.4,62.65,2.40171905,-0.64,-0.33
2016,2016,240,17,14,35,751,915.1656444,25.76,62.32,2.45034031,-0.63,-0.34
2016,2016,240,17,14,36,751,917.6426796,25.13,61.98,2.49857258,-0.62,-0.34
2016,2016,240,17,14,37,751,920.1673818,24.51,61.64,2.54641473,-0.59,-0.35
2016,2016,240,17,14,38,751,922.739751,23.92,61.29,2.59387749,-0.58,-0.34
2016,2016,240,17,14,39,751,925.3593375,23.34,60.95,2.64091448,-0.55,-0.35
2016,2016,240,17,14,40,751,928.0259914,22.79,60.6,2.68755156,-0.55,-0.33
2016,2016,240,17,14,41,751,930.7385135,22.24,60.27,2.73378832,-0.54,-0.35
2016,2016,240,17,14,42,751,933.4972037,21.7,59.92,2.7796181,-0.51,-0.32
2016,2016,240,17,14,43,751,936.3011626,21.19,59.6,2.82502038,-0.51,-0.35
2016,2016,240,17,14,44,751,939.1511396,20.68,59.25,2.87000989,-0.51,-0.34
2016,2016,240,17,14,45,751,942.0451861,20.17,58.91,2.91461761,-0.48,-0.35
2016,2016,240,17,14,46,751,944.9846511,19.69,58.56,2.95880195,-0.45,-0.35
2016,2016,240,17,14,47,751,947.9668366,19.24,58.21,3.0025486,-0.44,-0.35
2016,2016,240,17,14,48,751,950.9929417,18.8,57.86,3.04586842,-0.45,-0.34
2016,2016,240,17,14,49,751,954.0623668,18.35,57.52,3.08880338,-0.45,-0.34
2016,2016,240,17,14,50,751,957.1740626,17.9,57.18,3.1313061,-0.42,-0.34
2016,2016,240,17,14,51,751,960.3278792,17.48,56.84,3.17340671,-0.41,-0.33
2016,2016,240,17,14,52,751,963.5235169,17.07,56.51,3.21506836,-0.41,-0.34
2016,2016,240,17,14,53,751,966.7608258,16.66,56.17,3.25632662,-0.39,-0.34
2016,2016,240,17,14,54,751,970.0392062,16.27,55.83,3.29714299,-0.37,-0.34
2016,2016,240,17,14,55,751,973.3576089,15.9,55.49,3.33756277,-0.37,-0.33
2016,2016,240,17,14,56,751,976.7163337,15.53,55.16,3.37755398,-0.36,-0.34
2016,2016,240,17,14,57,751,980.1161301,15.17,54.82,3.41712488,-0.35,-0.33
2016,2016,240,17,14,58,751,983.555649,14.82,54.49,3.45630619,-0.35,-0.33
2016,2016,240,17,14,59,751,987.0332415,14.47,54.16,3.49505426,-0.35,-0.34
2016,2016,240,17,15,0,751,990.5499569,14.12,53.82,3.53339342,-0.34,-0.33
2016,2016,240,17,15,1,751,994.1048959,13.78,53.49,3.57131394,-0.33,-0.34
2016,2016,240,17,15,2,751,997.6988079,13.45,53.15,3.60882633,-0.31,-0.31
2016,2016,240,17,15,3,751,1001.329444,13.14,52.84,3.64592841,-0.3,-0.34
2016,2016,240,17,15,4,751,1004.996056,12.84,52.5,3.68263277,-0.29,-0.33
2016,2016,240,17,15,5,751,1008.698943,12.55,52.17,3.7189304,-0.3,-0.34
2016,2016,240,17,15,6,751,1012.438104,12.25,51.83,3.75481712,-0.3,-0.32
2016,2016,240,17,15,7,751,1016.21354,11.95,51.51,3.79029685,-0.28,-0.33
2016,2016,240,17,15,8,751,1020.024052,11.67,51.18,3.82540837,-0.29,-0.32
2016,2016,240,17,15,9,751,1023.869041,11.38,50.86,3.86010371,-0.27,-0.31
2016,2016,240,17,15,10,751,1027.747755,11.11,50.55,3.89441185,-0.29,-0.31
2016,2016,240,17,15,11,751,1031.661096,10.82,50.24,3.92831739,-0.26,-0.31
2016,2016,240,17,15,12,751,1035.608613,10.56,49.93,3.96181875,-0.26,-0.32
2016,2016,240,17,15,13,751,1039.589108,10.3,49.61,3.99497821,-0.24,-0.33
2016,2016,240,17,15,14,751,1043.602729,10.06,49.28,4.02772361,-0.24,-0.31
2016,2016,240,17,15,15,751,1047.649478,9.82,48.97,4.06008748,-0.26,-0.31
2016,2016,240,17,15,16,751,1051.727405,9.56,48.66,4.09208207,-0.24,-0.31
2016,2016,240,17,15,17,751,1055.837259,9.32,48.35,4.12368266,-0.26,-0.31
2016,2016,240,17,15,18,751,1059.978293,9.06,48.04,4.15493382,-0.23,-0.3
2016,2016,240,17,15,19,751,1064.151104,8.83,47.74,4.18581224,-0.22,-0.28
2016,2016,240,17,15,20,751,1068.353744,8.61,47.46,4.21631564,-0.22,-0.3
2016,2016,240,17,15,21,751,1072.587414,8.39,47.16,4.24646103,-0.21,-0.28
2016,2016,240,17,15,22,751,1076.850612,8.18,46.88,4.27624252,-0.2,-0.28
2016,2016,240,17,15,23,751,1081.14334,7.98,46.6,4.30565427,-0.2,-0.29
2016,2016,240,17,15,24,751,1085.464849,7.78,46.31,4.33474304,-0.19,-0.3
2016,2016,240,17,15,25,751,1089.815137,7.59,46.01,4.36344667,-0.2,-0.28
2016,2016,240,17,15,26,751,1094.194505,7.39,45.73,4.39183178,-0.2,-0.28
2016,2016,240,17,15,27,751,1098.601904,7.19,45.45,4.41984548,-0.2,-0.3
2016,2016,240,17,15,28,751,1103.037184,6.99,45.15,4.44753439,-0.19,-0.28
2016,2016,240,17,15,29,751,1107.499444,6.8,44.87,4.47488554,-0.19,-0.28
2016,2016,240,17,15,30,751,1111.989286,6.61,44.59,4.50190258,-0.2,-0.32
2016,2016,240,17,15,31,751,1116.50581,6.41,44.27,4.52859897,-0.18,-0.29
2016,2016,240,17,15,32,751,1121.048715,6.23,43.98,4.554944,-0.16,-0.26
2016,2016,240,17,15,33,751,1125.618301,6.07,43.72,4.5809825,-0.18,-0.28
2016,2016,240,17,15,34,751,1130.21367,5.89,43.44,4.60669209,-0.17,-0.28
2016,2016,240,17,15,35,751,1134.834671,5.72,43.16,4.63208463,-0.16,-0.29
2016,2016,240,17,15,36,751,1139.480405,5.56,42.87,4.65716024,-0.17,-0.3
2016,2016,240,17,15,37,751,1144.150871,5.39,42.57,4.6819314,-0.16,-0.26
2016,2016,240,17,15,38,751,1148.846221,5.23,42.31,4.70639383,-0.14,-0.24
2016,2016,240,17,15,39,751,1153.566153,5.09,42.07,4.73054454,-0.16,-0.27
2016,2016,240,17,15,40,751,1158.309769,4.93,41.8,4.75442516,-0.15,-0.26
2016,2016,240,17,15,41,751,1163.077219,4.78,41.54,4.77796948,-0.16,-0.26
2016,2016,240,17,15,42,751,1167.867453,4.62,41.28,4.80122859,-0.15,-0.27
2016,2016,240,17,15,43,751,1172.68107,4.47,41.01,4.82421708,-0.17,-0.28
2016,2016,240,17,15,44,751,1177.517172,4.3,40.73,4.84691823,-0.16,-0.26
2016,2016,240,17,15,45,751,1182.376358,4.14,40.47,4.86932691,-0.12,-0.22
2016,2016,240,17,15,46,751,1187.258179,4.02,40.25,4.89143259,-0.12,-0.27
2016,2016,240,17,15,47,751,1192.161284,3.9,39.98,4.91330104,-0.15,-0.25
2016,2016,240,17,15,48,751,1197.086125,3.75,39.73,4.93487588,-0.15,-0.25
2016,2016,240,17,15,49,751,1202.032101,3.6,39.48,4.95616078,-0.12,-0.26
2016,2016,240,17,15,50,751,1206.999212,3.48,39.22,4.97719691,-0.15,-0.27
2016,2016,240,17,15,51,751,1211.987159,3.33,38.95,4.99798841,-0.11,-0.25
2016,2016,240,17,15,52,751,1216.996092,3.22,38.7,5.0184931,-0.13,-0.21
2016,2016,240,17,15,53,751,1222.02526,3.09,38.49,5.03874076,-0.11,-0.24
2016,2016,240,17,15,54,751,1227.074814,2.98,38.25,5.05875931,-0.12,-0.25
2016,2016,240,17,15,55,751,1232.144155,2.86,38,5.07850671,-0.14,-0.25
2016,2016,240,17,15,56,751,1237.233581,2.72,37.75,5.09799128,-0.12,-0.23
2016,2016,240,17,15,57,751,1242.343244,2.6,37.52,5.11725101,-0.11,-0.27
2016,2016,240,17,15,58,751,1247.471194,2.49,37.25,5.13628641,-0.11,-0.22
2016,2016,240,17,15,59,751,1252.617881,2.38,37.03,5.155047,-0.13,-0.23
2016,2016,240,17,16,0,751,1257.783155,2.25,36.8,5.17357388,-0.1,-0.23
2016,2016,240,17,16,1,751,1262.968815,2.15,36.57,5.19188997,-0.13,-0.24
2016,2016,240,17,16,2,751,1268.172163,2.02,36.33,5.20995409,-0.1,-0.23
2016,2016,240,17,16,3,751,1273.392299,1.92,36.1,5.22782674,-0.11,-0.23
2016,2016,240,17,16,4,751,1278.630123,1.81,35.87,5.24543703,-0.13,-0.24
2016,2016,240,17,16,5,751,1283.884735,1.68,35.63,5.2628412,-0.07,-0.2
2016,2016,240,17,16,6,751,1289.157335,1.61,35.43,5.2800325,-0.12,-0.22
2016,2016,240,17,16,7,751,1294.446724,1.49,35.21,5.29700055,-0.1,-0.21
2016,2016,240,17,16,8,751,1299.7535,1.39,35,5.31375721,-0.09,-0.23
2016,2016,240,17,16,9,751,1305.076765,1.3,34.77,5.33031201,-0.12,-0.22
2016,2016,240,17,16,10,751,1310.416518,1.18,34.55,5.34664761,-0.08,-0.23
2016,2016,240,17,16,11,751,1315.77216,1.1,34.32,5.36277143,-0.1,-0.21
2016,2016,240,17,16,12,751,1321.144141,1,34.11,5.37872502,-0.08,-0.21
2016,2016,240,17,16,13,751,1326.531712,0.92,33.9,5.39443917,-0.11,-0.22
2016,2016,240,17,16,14,751,1331.934721,0.81,33.68,5.4099977,-0.08,-0.2
2016,2016,240,17,16,15,751,1337.35332,0.73,33.48,5.42532098,-0.11,-0.21
2016,2016,240,17,16,16,751,1342.787808,0.62,33.27,5.44048809,-0.07,-0.19
2016,2016,240,17,16,17,751,1348.237585,0.55,33.08,5.45544602,-0.11,-0.21
2016,2016,240,17,16,18,751,1353.700703,0.44,32.87,5.4702082,-0.07,-0.2
2016,2016,240,17,16,19,751,1359.17926,0.37,32.67,5.48483041,-0.09,-0.22
2016,2016,240,17,16,20,751,1364.672207,0.28,32.45,5.49924123,-0.07,-0.2
2016,2016,240,17,16,21,751,1370.178645,0.21,32.25,5.51345538,-0.11,-0.22
2016,2016,240,17,16,22,751,1375.699623,0.1,32.03,5.52750084,-0.05,-0.21
2016,2016,240,17,16,23,751,1381.234841,0.05,31.82,5.54138967,359.89,-0.2
2016,2016,240,17,16,24,751,1386.7837,359.94,31.62,5.55510568,-0.06,-0.2
2016,2016,240,17,16,25,751,1392.346649,359.88,31.42,5.56862863,-0.1,-0.19
2016,2016,240,17,16,26,751,1397.92144,359.78,31.23,5.58200993,-0.06,-0.2
2016,2016,240,17,16,27,751,1403.51032,359.72,31.03,5.59520702,-0.09,-0.18
2016,2016,240,17,16,28,751,1409.112242,359.63,30.85,5.60825787,-0.07,-0.2
2016,2016,240,17,16,29,751,1414.727955,359.56,30.65,5.6211395,-0.07,-0.19
2016,2016,240,17,16,30,751,1420.355809,359.49,30.46,5.63385518,-0.09,-0.21
2016,2016,240,17,16,31,751,1425.996404,359.4,30.25,5.64642195,-0.06,-0.17
2016,2016,240,17,16,32,751,1431.64944,359.34,30.08,5.65885388,-0.09,-0.19
2016,2016,240,17,16,33,751,1437.314918,359.25,29.89,5.67110992,-0.05,-0.19
2016,2016,240,17,16,34,751,1442.992238,359.2,29.7,5.68322027,-0.1,-0.2
2016,2016,240,17,16,35,751,1448.682448,359.1,29.5,5.69517178,-0.07,-0.19
2016,2016,240,17,16,36,751,1454.383901,359.03,29.31,5.70697239,-0.08,-0.21
2016,2016,240,17,16,37,751,1460.096746,358.95,29.1,5.71865588,-0.06,-0.16
2016,2016,240,17,16,38,751,1465.821433,358.89,28.94,5.73018274,-0.07,-0.19
2016,2016,240,17,16,39,751,1471.557962,358.82,28.75,5.74157529,-0.09,-0.19
2016,2016,240,17,16,40,751,1477.305133,358.73,28.56,5.75284346,-0.04,-0.18
2016,2016,240,17,16,41,751,1483.063847,358.69,28.38,5.76394087,-0.08,-0.17
2016,2016,240,17,16,42,751,1488.833353,358.61,28.21,5.77489724,-0.07,-0.18
2016,2016,240,17,16,43,751,1494.613801,358.54,28.03,5.78575161,-0.05,-0.19
2016,2016,240,17,16,44,751,1500.405191,358.49,27.84,5.79647693,-0.08,-0.15
2016,2016,240,17,16,45,751,1506.207974,358.41,27.69,5.80705748,-0.05,-0.18
2016,2016,240,17,16,46,751,1512.02095,358.36,27.51,5.81749913,-0.07,-0.17
2016,2016,240,17,16,47,751,1517.84277,358.29,27.34,5.82783817,-0.08,-0.17
2016,2016,240,17,16,48,751,1523.675682,358.21,27.17,5.83803358,-0.04,-0.17
2016,2016,240,17,16,49,751,1529.519836,358.17,27,5.84809993,-0.05,-0.17
2016,2016,240,17,16,50,751,1535.373134,358.12,26.83,5.85807362,-0.09,-0.19
2016,2016,240,17,16,51,751,1541.236475,358.03,26.64,5.86791093,-0.03,-0.15
2016,2016,240,17,16,52,751,1547.109259,358,26.49,5.87761712,-0.06,-0.17
2016,2016,240,17,16,53,751,1552.991187,357.94,26.32,5.88722858,-0.08,-0.17
2016,2016,240,17,16,54,751,1558.884207,357.86,26.15,5.89672498,-0.03,-0.16
2016,2016,240,17,16,55,751,1564.785772,357.83,25.99,5.9060808,-0.07,-0.16
2016,2016,240,17,16,56,751,1570.69558,357.76,25.83,5.91535861,-0.07,-0.17
2016,2016,240,17,16,57,751,1576.616482,357.69,25.66,5.92450784,-0.04,-0.16
2016,2016,240,17,16,58,751,1582.545477,357.65,25.5,5.93353528,-0.06,-0.17
2016,2016,240,17,16,59,751,1588.482417,357.59,25.33,5.94249404,-0.07,-0.15
2016,2016,240,17,17,0,751,1594.4288,357.52,25.18,5.95133413,-0.03,-0.17
2016,2016,240,17,17,1,751,1600.385227,357.49,25.01,5.96004718,-0.07,-0.15
2016,2016,240,17,17,2,751,1606.349298,357.42,24.86,5.96867488,-0.06,-0.16
2016,2016,240,17,17,3,751,1612.322513,357.36,24.7,5.977187,-0.03,-0.15
2016,2016,240,17,17,4,751,1618.303972,357.33,24.55,5.98561017,-0.05,-0.16
2016,2016,240,17,17,5,751,1624.293375,357.28,24.39,5.99391622,-0.07,-0.16
2016,2016,240,17,17,6,751,1630.291473,357.21,24.23,6.00213999,-0.05,-0.15
2016,2016,240,17,17,7,751,1636.299614,357.16,24.08,6.01026702,-0.03,-0.16
2016,2016,240,17,17,8,751,1642.31375,357.13,23.92,6.01828259,-0.06,-0.15
2016,2016,240,17,17,9,751,1648.335981,357.07,23.77,6.02622428,-0.06,-0.14
2016,2016,240,17,17,10,751,1654.367356,357.01,23.63,6.03407443,-0.05,-0.15
2016,2016,240,17,17,11,751,1660.405476,356.96,23.48,6.04181518,-0.04,-0.14
2016,2016,240,17,17,12,751,1666.45094,356.92,23.34,6.04949511,-0.06,-0.16
2016,2016,240,17,17,13,751,1672.505099,356.86,23.18,6.05706151,-0.04,-0.14
2016,2016,240,17,17,14,751,1678.565254,356.82,23.04,6.0645493,-0.04,-0.16
2016,2016,240,17,17,15,751,1684.634552,356.78,22.88,6.07193308,-0.06,-0.15
2016,2016,240,17,17,16,751,1690.710596,356.72,22.73,6.07922833,-0.05,-0.15
2016,2016,240,17,17,17,751,1696.793385,356.67,22.58,6.08646681,-0.03,-0.14
2016,2016,240,17,17,18,751,1702.884718,356.64,22.44,6.09360176,-0.04,-0.15
2016,2016,240,17,17,19,751,1708.982496,356.6,22.29,6.10065184,-0.06,-0.14
2016,2016,240,17,17,20,751,1715.086271,356.54,22.15,6.10763529,-0.06,-0.15
2016,2016,240,17,17,21,751,1721.196791,356.48,22,6.11451987,-0.02,-0.14
2016,2016,240,17,17,22,751,1727.315855,356.46,21.86,6.12133942,-0.05,-0.14
2016,2016,240,17,17,23,751,1733.442413,356.41,21.72,6.12806937,-0.05,-0.14
2016,2016,240,17,17,24,751,1739.575118,356.36,21.58,6.13472391,-0.05,-0.13
2016,2016,240,17,17,25,751,1745.712918,356.31,21.45,6.14129723,-0.03,-0.13
2016,2016,240,17,17,26,751,1751.858214,356.28,21.32,6.14780965,-0.04,-0.13
2016,2016,240,17,17,27,751,1758.009356,356.24,21.19,6.15424353,-0.05,-0.13
2016,2016,240,17,17,28,751,1764.166943,356.19,21.06,6.16059459,-0.05,-0.13
2016,2016,240,17,17,29,751,1770.331575,356.14,20.93,6.16687797,-0.03,-0.13
2016,2016,240,17,17,30,751,1776.502054,356.11,20.8,6.17308226,-0.04,-0.13
2016,2016,240,17,17,31,751,1782.678078,356.07,20.67,6.17923246,-0.05,-0.13
2016,2016,240,17,17,32,751,1788.861297,356.02,20.54,6.18528998,-0.05,-0.13
2016,2016,240,17,17,33,751,1795.049613,355.97,20.41,6.19129127,-0.03,-0.14
2016,2016,240,17,17,34,751,1801.243775,355.94,20.27,6.1972426,-0.02,-0.14
2016,2016,240,17,17,35,751,1807.444682,355.92,20.13,6.20307993,-0.06,-0.13
2016,2016,240,17,17,36,751,1813.650536,355.86,20,6.20889022,-0.04,-0.15
2016,2016,240,17,17,37,751,1819.862536,355.82,19.85,6.21462608,-0.03,-0.12
2016,2016,240,17,17,38,751,1826.080981,355.79,19.73,6.2202958,-0.03,-0.13
2016,2016,240,17,17,39,751,1832.304223,355.76,19.6,6.22588229,-0.04,-0.13
2016,2016,240,17,17,40,751,1838.53301,355.72,19.47,6.23141776,-0.04,-0.13
2016,2016,240,17,17,41,751,1844.767494,355.68,19.34,6.23689233,-0.04,-0.12
2016,2016,240,17,17,42,751,1851.007225,355.64,19.22,6.24229974,-0.04,-0.14
2016,2016,240,17,17,43,751,1857.252801,355.6,19.08,6.24765872,-0.03,-0.12
2016,2016,240,17,17,44,751,1863.503624,355.57,18.96,6.25295215,-0.04,-0.12
2016,2016,240,17,17,45,751,1869.759393,355.53,18.84,6.25818001,-0.03,-0.12
2016,2016,240,17,17,46,751,1876.020109,355.5,18.72,6.26334592,-0.04,-0.12
2016,2016,240,17,17,47,751,1882.28667,355.46,18.6,6.26847438,-0.03,-0.12
2016,2016,240,17,17,48,751,1888.558029,355.43,18.48,6.27351637,-0.04,-0.11
2016,2016,240,17,17,49,751,1894.833135,355.39,18.37,6.27851312,-0.02,-0.11
2016,2016,240,17,17,50,751,1901.115286,355.37,18.26,6.28345944,-0.05,-0.11
2016,2016,240,17,17,51,751,1907.401634,355.32,18.15,6.28834479,-0.04,-0.12
2016,2016,240,17,17,52,751,1913.691579,355.28,18.03,6.29317965,-0.02,-0.12
2016,2016,240,17,17,53,751,1919.987071,355.26,17.91,6.29795728,-0.02,-0.11
2016,2016,240,17,17,54,751,1926.288409,355.24,17.8,6.30266775,-0.05,-0.12
2016,2016,240,17,17,55,751,1932.594543,355.19,17.68,6.30734231,-0.03,-0.12
2016,2016,240,17,17,56,751,1938.903376,355.16,17.56,6.31197056,-0.03,-0.12
2016,2016,240,17,17,57,751,1945.217604,355.13,17.44,6.31654466,-0.02,-0.12
2016,2016,240,17,17,58,751,1951.53663,355.11,17.32,6.32105166,-0.04,-0.13
2016,2016,240,17,17,59,751,1957.860602,355.07,17.19,6.32550497,-0.03,-0.11
2016,2016,240,17,18,0,751,1964.187722,355.04,17.08,6.32993489,-0.03,-0.13
2016,2016,240,17,18,1,751,1970.519938,355.01,16.95,6.3342748,-0.04,-0.11
2016,2016,240,17,18,2,751,1976.857251,354.97,16.84,6.33861991,-0.02,-0.12
2016,2016,240,17,18,3,751,1983.197711,354.95,16.72,6.34291345,-0.04,-0.11
2016,2016,240,17,18,4,751,1989.542968,354.91,16.61,6.34709253,0,-0.11
2016,2016,240,17,18,5,751,1995.892123,354.91,16.5,6.35126842,-0.05,-0.11
2016,2016,240,17,18,6,751,2002.245625,354.86,16.39,6.35541159,-0.03,-0.11
2016,2016,240,17,18,7,751,2008.603023,354.83,16.28,6.35947975,-0.04,-0.11
2016,2016,240,17,18,8,751,2014.96447,354.79,16.17,6.36349594,-0.03,-0.12
2016,2016,240,17,18,9,751,2021.330712,354.76,16.05,6.36749075,-0.01,-0.1
2016,2016,240,17,18,10,751,2027.700253,354.75,15.95,6.37144598,-0.04,-0.11
2016,2016,240,17,18,11,751,2034.073241,354.71,15.84,6.37534864,-0.02,-0.11
2016,2016,240,17,18,12,751,2040.450426,354.69,15.73,6.37920393,-0.04,-0.11
2016,2016,240,17,18,13,751,2046.832108,354.65,15.62,6.38302332,-0.03,-0.11
2016,2016,240,17,18,14,751,2053.216638,354.62,15.51,6.38678961,-0.04,-0.1
2016,2016,240,17,18,15,751,2059.605215,354.58,15.41,6.39051745,-0.01,-0.11
2016,2016,240,17,18,16,751,2065.99709,354.57,15.3,6.39420252,-0.01,-0.11
2016,2016,240,17,18,17,751,2072.393762,354.56,15.19,6.39786681,-0.06,-0.11
2016,2016,240,17,18,18,751,2078.793731,354.5,15.08,6.40145821,-0.01,-0.11
2016,2016,240,17,18,19,751,2085.196849,354.49,14.97,6.40502156,-0.01,-0.1
2016,2016,240,17,18,20,751,2091.603563,354.48,14.87,6.40856506,-0.06,-0.1
2016,2016,240,17,18,21,751,2098.013726,354.42,14.77,6.41204254,-0.02,-0.11
2016,2016,240,17,18,22,751,2104.427336,354.4,14.66,6.41549076,-0.01,-0.11
2016,2016,240,17,18,23,751,2110.845143,354.39,14.55,6.41890681,-0.01,-0.11
2016,2016,240,17,18,24,751,2117.265348,354.38,14.44,6.42228062,-0.05,-0.1
2016,2016,240,17,18,25,751,2123.689601,354.33,14.34,6.42560453,-0.03,-0.1
2016,2016,240,17,18,26,751,2130.117301,354.3,14.24,6.42889459,-0.02,-0.12
2016,2016,240,17,18,27,751,2136.5468,354.28,14.12,6.43216327,-0.04,-0.1
2016,2016,240,17,18,28,751,2142.979746,354.24,14.02,6.43539037,-0.01,-0.11
2016,2016,240,17,18,29,751,2149.417789,354.23,13.91,6.43857684,-0.01,-0.1
2016,2016,240,17,18,30,751,2155.85883,354.22,13.81,6.44174352,-0.05,-0.1
2016,2016,240,17,18,31,751,2162.302569,354.17,13.71,6.44485976,-0.02,-0.1
2016,2016,240,17,18,32,751,2168.748257,354.15,13.61,6.44792703,0,-0.09
2016,2016,240,17,18,33,751,2175.197093,354.15,13.52,6.45097605,-0.04,-0.1
2016,2016,240,17,18,34,751,2181.649526,354.11,13.42,6.45399703,-0.04,-0.1
2016,2016,240,17,18,35,751,2188.104957,354.07,13.32,6.45696803,-0.01,-0.09
2016,2016,240,17,18,36,751,2194.564285,354.06,13.23,6.45992238,-0.01,-0.1
2016,2016,240,17,18,37,751,2201.025562,354.05,13.13,6.46284442,-0.05,-0.1
2016,2016,240,17,18,38,751,2207.489537,354,13.03,6.46571649,-0.01,-0.09
2016,2016,240,17,18,39,751,2213.95651,353.99,12.94,6.46856257,-0.02,-0.1
2016,2016,240,17,18,40,751,2220.426181,353.97,12.84,6.47136908,-0.04,-0.1
2016,2016,240,17,18,41,751,2226.8993,353.93,12.74,6.47417819,-0.02,-0.09
2016,2016,240,17,18,42,751,2233.374667,353.91,12.65,6.47692328,-0.02,-0.1
2016,2016,240,17,18,43,751,2239.853182,353.89,12.55,6.47964964,-0.01,-0.09
2016,2016,240,17,18,44,751,2246.333646,353.88,12.46,6.4823401,-0.03,-0.1
2016,2016,240,17,18,45,751,2252.818157,353.85,12.36,6.48499411,-0.04,-0.1
2016,2016,240,17,18,46,751,2259.303867,353.81,12.26,6.48762627,0,-0.09
2016,2016,240,17,18,47,751,2265.792875,353.81,12.17,6.49023184,-0.01,-0.1
2016,2016,240,17,18,48,751,2272.284431,353.8,12.07,6.49279738,-0.05,-0.09
2016,2016,240,17,18,49,751,2278.777935,353.75,11.98,6.49536131,-0.01,-0.1
2016,2016,240,17,18,50,751,2285.274288,353.74,11.88,6.49786962,-0.01,-0.09
2016,2016,240,17,18,51,751,2291.773639,353.73,11.79,6.50034714,-0.04,-0.1
2016,2016,240,17,18,52,751,2298.275537,353.69,11.69,6.50279922,-0.01,-0.09
2016,2016,240,17,18,53,751,2304.779535,353.68,11.6,6.50524603,-0.01,-0.09
2016,2016,240,17,18,54,751,2311.28668,353.67,11.51,6.50764974,-0.01,-0.09
2016,2016,240,17,18,55,751,2317.795174,353.66,11.42,6.51001587,-0.06,-0.09
2016,2016,240,17,18,56,751,2324.305767,353.6,11.33,6.51236022,0,-0.1
2016,2016,240,17,18,57,751,2330.818758,353.6,11.23,6.51469617,-0.03,-0.09
2016,2016,240,17,18,58,751,2337.335347,353.57,11.14,6.51697802,-0.03,-0.09
2016,2016,240,17,18,59,751,2343.853135,353.54,11.05,6.51923695,0,-0.09
2016,2016,240,17,19,0,751,2350.373621,353.54,10.96,6.52150268,0,-0.1
2016,2016,240,17,19,1,751,2356.895755,353.54,10.86,6.52371638,-0.05,-0.09
2016,2016,240,17,19,2,751,2363.420289,353.49,10.77,6.52590763,-0.02,-0.09
2016,2016,240,17,19,3,751,2369.94752,353.47,10.68,6.52808595,0,-0.09
2016,2016,240,17,19,4,751,2376.47685,353.47,10.59,6.53020904,-0.01,-0.09
2016,2016,240,17,19,5,751,2383.008578,353.46,10.5,6.5323264,-0.06,-0.08
2016,2016,240,17,19,6,751,2389.540756,353.4,10.42,6.53441617,0,-0.09
2016,2016,240,17,19,7,751,2396.076231,353.4,10.33,6.53650602,0,-0.08
2016,2016,240,17,19,8,751,2402.613805,353.4,10.25,6.53854476,-0.05,-0.08
2016,2016,240,17,19,9,751,2409.153778,353.35,10.17,6.54057052,-0.01,-0.08
2016,2016,240,17,19,10,751,2415.695249,353.34,10.09,6.54256402,0,-0.07
2016,2016,240,17,19,11,751,2422.239119,353.34,10.02,6.54452735,-0.02,-0.09
2016,2016,240,17,19,12,751,2428.783439,353.32,9.93,6.5464537,-0.04,-0.08
2016,2016,240,17,19,13,751,2435.330906,353.28,9.85,6.54839671,0,-0.08
2016,2016,240,17,19,14,751,2441.880921,353.28,9.77,6.55032619,-0.02,-0.09
2016,2016,240,17,19,15,751,2448.432736,353.26,9.68,6.55217759,-0.03,-0.09
2016,2016,240,17,19,16,751,2454.985299,353.23,9.59,6.55403059,-0.03,-0.09
2016,2016,240,17,19,17,751,2461.539812,353.2,9.5,6.55587625,0,-0.09
2016,2016,240,17,19,18,751,2468.095973,353.2,9.41,6.55770633,-0.01,-0.09
2016,2016,240,17,19,19,751,2474.653933,353.19,9.32,6.55948638,-0.05,-0.08
2016,2016,240,17,19,20,751,2481.214291,353.14,9.24,6.56126183,0,-0.07
2016,2016,240,17,19,21,751,2487.775849,353.14,9.17,6.56302995,0,-0.09
2016,2016,240,17,19,22,751,2494.340554,353.14,9.08,6.56474131,-0.01,-0.08
2016,2016,240,17,19,23,751,2500.906309,353.13,9,6.56644493,-0.04,-0.08
2016,2016,240,17,19,24,751,2507.474312,353.09,8.92,6.56813857,-0.03,-0.08
2016,2016,240,17,19,25,751,2514.043065,353.06,8.84,6.56981721,0,-0.09
2016,2016,240,17,19,26,751,2520.613466,353.06,8.75,6.57145309,-0.02,-0.08
2016,2016,240,17,19,27,751,2527.185067,353.04,8.67,6.57309842,-0.05,-0.09
2016,2016,240,17,19,28,751,2533.757417,352.99,8.58,6.57468226,0,-0.08
2016,2016,240,17,19,29,751,2540.333064,352.99,8.5,6.57629062,0,-0.08
2016,2016,240,17,19,30,751,2546.910811,352.99,8.42,6.57787186,0,-0.08
2016,2016,240,17,19,31,751,2553.489756,352.99,8.34,6.57940526,0,-0.08
2016,2016,240,17,19,32,751,2560.070351,352.99,8.26,6.58096259,-0.05,-0.08
2016,2016,240,17,19,33,751,2566.652444,352.94,8.18,6.58246262,-0.02,-0.08
2016,2016,240,17,19,34,751,2573.234237,352.92,8.1,6.58396324,-0.03,-0.07
2016,2016,240,17,19,35,751,2579.819628,352.89,8.03,6.58543156,-0.03,-0.08
2016,2016,240,17,19,36,751,2586.40442,352.86,7.95,6.58687282,0,-0.11
2016,2016,240,17,19,37,751,2592.992209,352.86,7.84,6.58832342,0,-0.07
2016,2016,240,17,19,38,751,2599.581947,352.86,7.77,6.58974283,0,-0.08
2016,2016,240,17,19,39,751,2606.171535,352.86,7.69,6.59113306,0,-0.07
2016,2016,240,17,19,40,751,2612.762323,352.86,7.62,6.59254468,-0.03,-0.08
2016,2016,240,17,19,41,751,2619.357157,352.83,7.54,6.59388075,-0.05,-0.07
2016,2016,240,17,19,42,751,2625.951242,352.78,7.47,6.59523507,-0.01,-0.07
2016,2016,240,17,19,43,751,2632.546526,352.77,7.4,6.59658419,0,-0.09
2016,2016,240,17,19,44,751,2639.144059,352.77,7.31,6.59789641,-0.03,-0.07
2016,2016,240,17,19,45,751,2645.74324,352.74,7.24,6.59918464,-0.01,-0.08
2016,2016,240,17,19,46,751,2652.342272,352.73,7.16,6.60046088,-0.01,-0.08
2016,2016,240,17,19,47,751,2658.942952,352.72,7.08,6.60173872,0,-0.08
2016,2016,240,17,19,48,751,2665.543783,352.72,7,6.60297172,-0.02,-0.07
2016,2016,240,17,19,49,751,2672.148361,352.7,6.93,6.60420585,-0.03,-0.08
2016,2016,240,17,19,50,751,2678.753538,352.67,6.85,6.60540821,-0.01,-0.08
2016,2016,240,17,19,51,751,2685.359315,352.66,6.77,6.60662409,0,-0.06
2016,2016,240,17,19,52,751,2691.965691,352.66,6.71,6.60780246,-0.03,-0.09
2016,2016,240,17,19,53,751,2698.575216,352.63,6.62,6.60895224,-0.02,-0.07
2016,2016,240,17,19,54,751,2705.18474,352.61,6.55,6.61011869,-0.01,-0.07
2016,2016,240,17,19,55,751,2711.795463,352.6,6.48,6.61125542,0,-0.07
2016,2016,240,17,19,56,751,2718.406637,352.6,6.41,6.61236983,0,-0.07
2016,2016,240,17,19,57,751,2725.018859,352.6,6.34,6.61347538,-0.03,-0.08
2016,2016,240,17,19,58,751,2731.63303,352.57,6.26,6.61455694,-0.03,-0.06
2016,2016,240,17,19,59,751,2738.247651,352.54,6.2,6.61562712,-0.02,-0.08
2016,2016,240,17,20,0,751,2744.863471,352.52,6.12,6.61669203,-0.01,-0.06
2016,2016,240,17,20,1,751,2751.48049,352.51,6.06,6.61773668,0,-0.07
2016,2016,240,17,20,2,751,2758.098858,352.51,5.99,6.61876622,-0.02,-0.07
2016,2016,240,17,20,3,751,2764.719325,352.49,5.92,6.61978842,-0.03,-0.07
2016,2016,240,17,20,4,751,2771.339042,352.46,5.85,6.62080916,0,-0.08
2016,2016,240,17,20,5,751,2777.961158,352.46,5.77,6.62173982,0,-0.06
2016,2016,240,17,20,6,751,2784.583274,352.46,5.71,6.62271726,0,-0.07
2016,2016,240,17,20,7,751,2791.205239,352.46,5.64,6.62371661,-0.02,-0.07
2016,2016,240,17,20,8,751,2797.827355,352.44,5.57,6.62464001,-0.03,-0.06
2016,2016,240,17,20,9,751,2804.451869,352.41,5.51,6.62556801,-0.01,-0.06
2016,2016,240,17,20,10,751,2811.078931,352.4,5.45,6.62647056,-0.02,-0.07
2016,2016,240,17,20,11,751,2817.706743,352.38,5.38,6.62740069,0,-0.08
2016,2016,240,17,20,12,751,2824.334254,352.38,5.3,6.6282496,-0.02,-0.09
2016,2016,240,17,20,13,751,2830.962516,352.36,5.21,6.62914489,-0.03,-0.07
2016,2016,240,17,20,14,751,2837.591527,352.33,5.14,6.63001206,-0.01,-0.08
2016,2016,240,17,20,15,751,2844.222486,352.32,5.06,6.63086251,0,-0.07
2016,2016,240,17,20,16,751,2850.854945,352.32,4.99,6.63172395,0,-0.08
2016,2016,240,17,20,17,751,2857.487553,352.32,4.91,6.63250471,-0.01,-0.06
2016,2016,240,17,20,18,751,2864.119262,352.31,4.85,6.63330733,-0.03,-0.08
2016,2016,240,17,20,19,751,2870.753069,352.28,4.77,6.63410781,0,-0.07
2016,2016,240,17,20,20,751,2877.387177,352.28,4.7,6.63489063,0,-0.06
2016,2016,240,17,20,21,751,2884.020834,352.28,4.64,6.63569118,-0.01,-0.06
2016,2016,240,17,20,22,751,2890.65704,352.27,4.58,6.63645422,-0.03,-0.06
2016,2016,240,17,20,23,751,2897.293246,352.24,4.52,6.63717669,-0.02,-0.08
2016,2016,240,17,20,24,751,2903.93155,352.22,4.44,6.63788296,-0.01,-0.07
2016,2016,240,17,20,25,751,2910.569105,352.21,4.37,6.63861529,-0.02,-0.08
2016,2016,240,17,20,26,751,2917.209358,352.19,4.29,6.63932476,0,-0.07
2016,2016,240,17,20,27,751,2923.848112,352.19,4.22,6.64003057,0,-0.23
2016,2016,240,17,20,28,751,2930.488366,352.19,3.99,6.6407056,0,-0.16
2016,2016,240,17,20,29,751,2937.128469,352.19,3.83,6.64140774,0,-0.05
2016,2016,240,17,20,30,751,2943.77082,352.19,3.78,6.64206045,-0.01,-0.06
2016,2016,240,17,20,31,751,2950.413022,352.18,3.72,6.64277306,-0.02,-0.07
2016,2016,240,17,20,32,751,2957.056723,352.16,3.65,6.64335128,-0.01,-0.07
2016,2016,240,17,20,33,751,2963.699524,352.15,3.58,6.64400972,-0.02,-0.06
2016,2016,240,17,20,34,751,2970.343374,352.13,3.52,6.64464998,0,-0.06
2016,2016,240,17,20,35,751,2976.987525,352.13,3.46,6.64524386,-0.01,-0.07
2016,2016,240,17,20,36,751,2983.632874,352.12,3.39,6.64580489,-0.02,-0.07
2016,2016,240,17,20,37,751,2990.278674,352.1,3.32,6.64639618,0,-0.07
2016,2016,240,17,20,38,751,2996.924922,352.1,3.25,6.64699166,-0.02,-0.06
2016,2016,240,17,20,39,751,3003.571171,352.08,3.19,6.64756162,-0.01,-0.08
2016,2016,240,17,20,40,751,3010.219519,352.07,3.11,6.64810241,0,-0.06
2016,2016,240,17,20,41,751,3016.871164,352.07,3.05,6.64866038,-0.03,-0.06
2016,2016,240,17,20,42,751,3023.518012,352.04,2.99,6.64920842,0,-0.06
2016,2016,240,17,20,43,751,3030.16666,352.04,2.93,6.64973521,-0.01,-0.08
2016,2016,240,17,20,44,751,3036.817555,352.03,2.85,6.6502151,-0.01,-0.06
2016,2016,240,17,20,45,751,3043.466502,352.02,2.79,6.65071112,-0.02,-0.07
2016,2016,240,17,20,46,751,3050.120246,352,2.72,6.65120613,-0.01,-0.06
2016,2016,240,17,20,47,751,3056.769493,351.99,2.66,6.6517068,0,-0.06
2016,2016,240,17,20,48,751,3063.420389,351.99,2.6,6.65216384,-0.01,-0.07
2016,2016,240,17,20,49,751,3070.071434,351.98,2.53,6.65258543,-0.01,-0.07
2016,2016,240,17,20,50,751,3076.725927,351.97,2.46,6.65308664,-0.01,-0.07
2016,2016,240,17,20,51,751,3083.378472,351.96,2.39,6.6535197,-0.01,-0.07
2016,2016,240,17,20,52,751,3090.032665,351.95,2.32,6.65393716,-0.01,-0.07
2016,2016,240,17,20,53,751,3096.685809,351.94,2.25,6.65438167,-0.01,-0.06
2016,2016,240,17,20,54,751,3103.340452,351.93,2.19,6.65476163,0,-0.06
2016,2016,240,17,20,55,751,3109.992547,351.93,2.13,6.65519674,0,-0.06
2016,2016,240,17,20,56,751,3116.64779,351.93,2.07,6.65557983,-0.02,-0.06
2016,2016,240,17,20,57,751,3123.30708,351.91,2.01,6.65596085,-0.02,-0.07
2016,2016,240,17,20,58,751,3129.96532,351.89,1.94,6.65631788,-0.01,-0.07
2016,2016,240,17,20,59,751,3136.622062,351.88,1.87,6.65671036,0,-0.06
2016,2016,240,17,21,0,751,3143.274457,351.88,1.81,6.65708978,-0.03,-0.03
2016,2016,240,17,21,1,751,3149.931798,351.85,1.78,6.65740525,-0.01,-0.02
2016,2016,240,17,21,2,751,3156.592737,351.84,1.76,6.65768993,0,-0.02
2016,2016,240,17,21,3,751,3163.249478,351.84,1.74,6.65809693,0,-0.04
2016,2016,240,17,21,4,751,3169.90622,351.84,1.7,6.65839987,-0.01,-0.02
2016,2016,240,17,21,5,751,3176.56461,351.83,1.68,6.65877149,-0.02,-0.02
2016,2016,240,17,21,6,751,3183.222551,351.81,1.66,6.65903332,0,-0.04
2016,2016,240,17,21,7,751,3189.879892,351.81,1.62,6.65934352,-0.01,-0.01
2016,2016,240,17,21,8,751,3196.540981,351.8,1.61,6.65962514,-0.02,-0.04
2016,2016,240,17,21,9,751,3203.20147,351.78,1.57,6.65988224,-0.01,-0.02
2016,2016,240,17,21,10,751,3209.859561,351.77,1.55,6.66004567,0,0
2016,2016,240,17,21,11,751,3216.522298,351.77,1.55,6.66041576,-0.01,0
2016,2016,240,17,21,12,751,3223.185785,351.76,1.55,6.6607161,-0.01,0
2016,2016,240,17,21,13,751,3229.842677,351.75,1.55,6.6609696,0,0
2016,2016,240,17,21,14,751,3236.502117,351.75,1.55,6.66120592,-0.01,0
2016,2016,240,17,21,15,751,3243.163055,351.74,1.55,6.66142138,0,0
2016,2016,240,17,21,16,751,3249.825193,351.74,1.55,6.66166182,-0.03,0
2016,2016,240,17,21,17,751,3256.482984,351.71,1.55,6.66193145,-0.01,0
2016,2016,240,17,21,18,751,3263.14812,351.7,1.55,6.66214537,0,0
2016,2016,240,17,21,19,751,3269.80681,351.7,1.55,6.66243685,-351.7,-1.55
